name,status,currencies,capital,region,subregion,languages,latlng,borders,area,flag,demonyms,callingCodes
"Aruba,Aruba,Aruba,Aruba,Aruba,Aruba",officially-assigned,AWG,Oranjestad,Americas,Caribbean,"Dutch,Papiamento","12.5,-69.96666666",,180,ğŸ‡¦ğŸ‡¼,"Aruban,Aruban,Arubaise,Arubais",297
"Afghanistan,Islamic Republic of Afghanistan,Ø¬Ù…Ù‡ÙˆØ±ÛŒ Ø§Ø³Ù„Ø§Ù…ÛŒ Ø§ÙØºØ§Ù†Ø³ØªØ§Ù†,Ø§ÙØºØ§Ù†Ø³ØªØ§Ù†,Ø¯ Ø§ÙØºØ§Ù†Ø³ØªØ§Ù† Ø§Ø³Ù„Ø§Ù…ÙŠ Ø¬Ù…Ù‡ÙˆØ±ÛŒØª,Ø§ÙØºØ§Ù†Ø³ØªØ§Ù†,Owganystan Yslam Respublikasy,Owganystan",officially-assigned,AFN,Kabul,Asia,Southern Asia,"Dari,Pashto,Turkmen","33,65","IRN,PAK,TKM,UZB,TJK,CHN",652230,ğŸ‡¦ğŸ‡«,"Afghan,Afghan,Afghane,Afghan",93
"Angola,Republic of Angola,RepÃºblica de Angola,Angola",officially-assigned,AOA,Luanda,Africa,Middle Africa,Portuguese,"-12.5,18.5","COG,COD,ZMB,NAM",1246700,ğŸ‡¦ğŸ‡´,"Angolan,Angolan,Angolaise,Angolais",244
"Anguilla,Anguilla,Anguilla,Anguilla",officially-assigned,XCD,The Valley,Americas,Caribbean,English,"18.25,-63.16666666",,91,ğŸ‡¦ğŸ‡®,"Anguillian,Anguillian,Anguillane,Anguillan",1264
"Ã…land Islands,Ã…land Islands,Landskapet Ã…land,Ã…land",officially-assigned,EUR,Mariehamn,Europe,Northern Europe,Swedish,"60.116667,19.9",,1580,ğŸ‡¦ğŸ‡½,"Ã…landish,Ã…landish,Ã…landaise,Ã…landais",35818
"Albania,Republic of Albania,Republika e ShqipÃ«risÃ«,ShqipÃ«ria",officially-assigned,ALL,Tirana,Europe,Southeast Europe,Albanian,"41,20","MNE,GRC,MKD,UNK",28748,ğŸ‡¦ğŸ‡±,"Albanian,Albanian,Albanaise,Albanais",355
"Andorra,Principality of Andorra,Principat d'Andorra,Andorra",officially-assigned,EUR,Andorra la Vella,Europe,Southern Europe,Catalan,"42.5,1.5","FRA,ESP",468,ğŸ‡¦ğŸ‡©,"Andorran,Andorran,Andorrane,Andorran",376
"United Arab Emirates,United Arab Emirates,Ø§Ù„Ø¥Ù…Ø§Ø±Ø§Øª Ø§Ù„Ø¹Ø±Ø¨ÙŠØ© Ø§Ù„Ù…ØªØ­Ø¯Ø©,Ø¯ÙˆÙ„Ø© Ø§Ù„Ø¥Ù…Ø§Ø±Ø§Øª Ø§Ù„Ø¹Ø±Ø¨ÙŠØ© Ø§Ù„Ù…ØªØ­Ø¯Ø©",officially-assigned,AED,Abu Dhabi,Asia,Western Asia,Arabic,"24,54","OMN,SAU",83600,ğŸ‡¦ğŸ‡ª,"Emirati,Emirati,Emirienne,Emirien",971
"Argentina,Argentine Republic,Argentine Republic,Argentina,RepÃºblica Argentina,Argentina",officially-assigned,ARS,Buenos Aires,Americas,South America,"GuaranÃ­,Spanish","-34,-64","BOL,BRA,CHL,PRY,URY",2780400,ğŸ‡¦ğŸ‡·,"Argentine,Argentine,Argentine,Argentin",54
"Armenia,Republic of Armenia,Õ€Õ¡ÕµÕ¡Õ½Õ¿Õ¡Õ¶Õ« Õ€Õ¡Õ¶Ö€Õ¡ÕºÕ¥Õ¿Õ¸Ö‚Õ©ÕµÕ¸Ö‚Õ¶,Õ€Õ¡ÕµÕ¡Õ½Õ¿Õ¡Õ¶",officially-assigned,AMD,Yerevan,Asia,Western Asia,Armenian,"40,45","AZE,GEO,IRN,TUR",29743,ğŸ‡¦ğŸ‡²,"Armenian,Armenian,ArmÃ©nienne,ArmÃ©nien",374
"American Samoa,American Samoa,American Samoa,American Samoa,SÄmoa Amelika,SÄmoa Amelika",officially-assigned,USD,Pago Pago,Oceania,Polynesia,"English,Samoan","-14.33333333,-170",,199,ğŸ‡¦ğŸ‡¸,"American Samoan,American Samoan,Samoane,Samoan",1684
"Antarctica,Antarctica,",officially-assigned,,,Antarctic,,,"-90,0",,14000000,ğŸ‡¦ğŸ‡¶,"Antarctican,Antarctican,Antarcticaine,Antarcticain",
"French Southern and Antarctic Lands,Territory of the French Southern and Antarctic Lands,Territoire des Terres australes et antarctiques franÃ§aises,Terres australes et antarctiques franÃ§aises",officially-assigned,EUR,Port-aux-FranÃ§ais,Antarctic,,French,"-49.25,69.167",,7747,ğŸ‡¹ğŸ‡«,"French,French,FranÃ§aise,FranÃ§ais",262
"Antigua and Barbuda,Antigua and Barbuda,Antigua and Barbuda,Antigua and Barbuda",officially-assigned,XCD,Saint John's,Americas,Caribbean,English,"17.05,-61.8",,442,ğŸ‡¦ğŸ‡¬,"Antiguan, Barbudan,Antiguan, Barbudan,Antiguaise et barbudienne,Antiguaise et barbudien",1268
"Australia,Commonwealth of Australia,Commonwealth of Australia,Australia",officially-assigned,AUD,Canberra,Oceania,Australia and New Zealand,English,"-27,133",,7692024,ğŸ‡¦ğŸ‡º,"Australian,Australian,Australienne,Australien",61
"Austria,Republic of Austria,Republik Ã–sterreich,Ã–sterreich",officially-assigned,EUR,Vienna,Europe,Central Europe,Austro-Bavarian German,"47.33333333,13.33333333","CZE,DEU,HUN,ITA,LIE,SVK,SVN,CHE",83871,ğŸ‡¦ğŸ‡¹,"Austrian,Austrian,Autrichienne,Autrichien",43
"Azerbaijan,Republic of Azerbaijan,AzÉ™rbaycan RespublikasÄ±,AzÉ™rbaycan,ĞĞ·ĞµÑ€Ğ±Ğ°Ğ¹Ğ´Ğ¶Ğ°Ğ½ÑĞºĞ°Ñ Ğ ĞµÑĞ¿ÑƒĞ±Ğ»Ğ¸ĞºĞ°,ĞĞ·ĞµÑ€Ğ±Ğ°Ğ¹Ğ´Ğ¶Ğ°Ğ½",officially-assigned,AZN,Baku,Asia,Western Asia,"Azerbaijani,Russian","40.5,47.5","ARM,GEO,IRN,RUS,TUR",86600,ğŸ‡¦ğŸ‡¿,"Azerbaijani,Azerbaijani,AzerbaÃ¯djanaise,AzerbaÃ¯djanais",994
"Burundi,Republic of Burundi,RÃ©publique du Burundi,Burundi,Republika y'Uburundi ,Uburundi",officially-assigned,BIF,Gitega,Africa,Eastern Africa,"French,Kirundi","-3.5,30","COD,RWA,TZA",27834,ğŸ‡§ğŸ‡®,"Burundian,Burundian,Burundaise,Burundais",257
"Belgium,Kingdom of Belgium,KÃ¶nigreich Belgien,Belgien,Royaume de Belgique,Belgique,Koninkrijk BelgiÃ«,BelgiÃ«",officially-assigned,EUR,Brussels,Europe,Western Europe,"German,French,Dutch","50.83333333,4","FRA,DEU,LUX,NLD",30528,ğŸ‡§ğŸ‡ª,"Belgian,Belgian,Belge,Belge",32
"Benin,Republic of Benin,RÃ©publique du BÃ©nin,BÃ©nin",officially-assigned,XOF,Porto-Novo,Africa,Western Africa,French,"9.5,2.25","BFA,NER,NGA,TGO",112622,ğŸ‡§ğŸ‡¯,"Beninese,Beninese,BÃ©ninoise,BÃ©ninois",229
"Burkina Faso,Burkina Faso,RÃ©publique du Burkina,Burkina Faso",officially-assigned,XOF,Ouagadougou,Africa,Western Africa,French,"13,-2","BEN,CIV,GHA,MLI,NER,TGO",272967,ğŸ‡§ğŸ‡«,"Burkinabe,Burkinabe,BurkinabÃ©e,BurkinabÃ©",226
"Bangladesh,People's Republic of Bangladesh,à¦¬à¦¾à¦‚à¦²à¦¾à¦¦à§‡à¦¶ à¦—à¦£à¦ªà§à¦°à¦œà¦¾à¦¤à¦¨à§à¦¤à§à¦°à§€,à¦¬à¦¾à¦‚à¦²à¦¾à¦¦à§‡à¦¶",officially-assigned,BDT,Dhaka,Asia,Southern Asia,Bengali,"24,90","MMR,IND",147570,ğŸ‡§ğŸ‡©,"Bangladeshi,Bangladeshi,Bangladaise,Bangladais",880
"Bulgaria,Republic of Bulgaria,Ğ ĞµĞ¿ÑƒĞ±Ğ»Ğ¸ĞºĞ° Ğ‘ÑŠĞ»Ğ³Ğ°Ñ€Ğ¸Ñ,Ğ‘ÑŠĞ»Ğ³Ğ°Ñ€Ğ¸Ñ",officially-assigned,BGN,Sofia,Europe,Southeast Europe,Bulgarian,"43,25","GRC,MKD,ROU,SRB,TUR",110879,ğŸ‡§ğŸ‡¬,"Bulgarian,Bulgarian,Bulgare,Bulgare",359
"Bahrain,Kingdom of Bahrain,Ù…Ù…Ù„ÙƒØ© Ø§Ù„Ø¨Ø­Ø±ÙŠÙ†,Ø§Ù„Ø¨Ø­Ø±ÙŠÙ†",officially-assigned,BHD,Manama,Asia,Western Asia,Arabic,"26,50.55",,765,ğŸ‡§ğŸ‡­,"Bahraini,Bahraini,BahreÃ¯nienne,BahreÃ¯nien",973
"Bahamas,Commonwealth of the Bahamas,Commonwealth of the Bahamas,Bahamas",officially-assigned,"BSD,USD",Nassau,Americas,Caribbean,English,"24.25,-76",,13943,ğŸ‡§ğŸ‡¸,"Bahamian,Bahamian,Bahamienne,Bahamien",1242
"Bosnia and Herzegovina,Bosnia and Herzegovina,Bosna i Hercegovina,Bosna i Hercegovina,Bosna i Hercegovina,Bosna i Hercegovina,Ğ‘Ğ¾ÑĞ½a Ğ¸ Ğ¥ĞµÑ€Ñ†ĞµĞ³Ğ¾Ğ²Ğ¸Ğ½Ğ°,Ğ‘Ğ¾ÑĞ½a Ğ¸ Ğ¥ĞµÑ€Ñ†ĞµĞ³Ğ¾Ğ²Ğ¸Ğ½Ğ°",officially-assigned,BAM,Sarajevo,Europe,Southeast Europe,"Bosnian,Croatian,Serbian","44,18","HRV,MNE,SRB",51209,ğŸ‡§ğŸ‡¦,"Bosnian, Herzegovinian,Bosnian, Herzegovinian,Bosnienne,Bosnien",387
"Saint BarthÃ©lemy,Collectivity of Saint BarthÃ©lemy,CollectivitÃ© de Saint-BarthÃ©lemy,Saint-BarthÃ©lemy",officially-assigned,EUR,Gustavia,Americas,Caribbean,French,"18.5,-63.41666666",,21,ğŸ‡§ğŸ‡±,"Saint BarthÃ©lemy Islander,Saint BarthÃ©lemy Islander,BarthÃ©lomÃ©enne,BarthÃ©lomÃ©en",590
"Saint Helena, Ascension and Tristan da Cunha,Saint Helena, Ascension and Tristan da Cunha,Saint Helena, Ascension and Tristan da Cunha,Saint Helena, Ascension and Tristan da Cunha",officially-assigned,"GBP,SHP",Jamestown,Africa,Western Africa,English,"-15.95,-5.72",,394,ğŸ‡¸ğŸ‡­,"Saint Helenian,Saint Helenian,Sainte-HÃ©lÃ©noise,Sainte-HÃ©lÃ¨nois","+290,+247"
"Belarus,Republic of Belarus,Ğ ÑÑĞ¿ÑƒĞ±Ğ»Ñ–ĞºĞ° Ğ‘ĞµĞ»Ğ°Ñ€ÑƒÑÑŒ,Ğ‘ĞµĞ»Ğ°Ñ€ÑƒÌÑÑŒ,Ğ ĞµÑĞ¿ÑƒĞ±Ğ»Ğ¸ĞºĞ° Ğ‘ĞµĞ»Ğ°Ñ€ÑƒÑÑŒ,Ğ‘ĞµĞ»Ğ°Ñ€ÑƒÑÑŒ",officially-assigned,BYN,Minsk,Europe,Eastern Europe,"Belarusian,Russian","53,28","LVA,LTU,POL,RUS,UKR",207600,ğŸ‡§ğŸ‡¾,"Belarusian,Belarusian,BiÃ©lorusse,BiÃ©lorusse",375
"Belize,Belize,Belize,Belize,Belize,Belize,Belice,Belice",officially-assigned,BZD,Belmopan,Americas,Central America,"Belizean Creole,English,Spanish","17.25,-88.75","GTM,MEX",22966,ğŸ‡§ğŸ‡¿,"Belizean,Belizean,BÃ©lizienne,BÃ©lizien",501
"Bermuda,Bermuda,Bermuda,Bermuda",officially-assigned,BMD,Hamilton,Americas,North America,English,"32.33333333,-64.75",,54,ğŸ‡§ğŸ‡²,"Bermudian,Bermudian,Bermudienne,Bermudien",1441
"Bolivia,Plurinational State of Bolivia,Wuliwya Suyu,Wuliwya,TetÃ£ VolÃ­via,VolÃ­via,Buliwya Mamallaqta,Buliwya,Estado Plurinacional de Bolivia,Bolivia",officially-assigned,BOB,Sucre,Americas,South America,"Aymara,GuaranÃ­,Quechua,Spanish","-17,-65","ARG,BRA,CHL,PRY,PER",1098581,ğŸ‡§ğŸ‡´,"Bolivian,Bolivian,Bolivienne,Bolivien",591
"Caribbean Netherlands,Bonaire, Sint Eustatius and Saba,Bonaire, Sint Eustatius en Saba,Caribisch Nederland,Boneiru, Sint Eustatius y Saba,Boneiru, Sint Eustatius y Saba",officially-assigned,USD,,Americas,Caribbean,"English,Dutch,Papiamento","12.18,-68.25",,328,,"Dutch,Dutch,NÃ©erlandaise,NÃ©erlandais",599
"Brazil,Federative Republic of Brazil,RepÃºblica Federativa do Brasil,Brasil",officially-assigned,BRL,BrasÃ­lia,Americas,South America,Portuguese,"-10,-55","ARG,BOL,COL,GUF,GUY,PRY,PER,SUR,URY,VEN",8515767,ğŸ‡§ğŸ‡·,"Brazilian,Brazilian,BrÃ©silienne,BrÃ©silien",55
"Barbados,Barbados,Barbados,Barbados",officially-assigned,BBD,Bridgetown,Americas,Caribbean,English,"13.16666666,-59.53333333",,430,ğŸ‡§ğŸ‡§,"Barbadian,Barbadian,Barbadienne,Barbadien",1246
"Brunei,Nation of Brunei, Abode of Peace,Nation of Brunei, Abode Damai,Negara Brunei Darussalam",officially-assigned,"BND,SGD",Bandar Seri Begawan,Asia,South-Eastern Asia,Malay,"4.5,114.66666666",MYS,5765,ğŸ‡§ğŸ‡³,"Bruneian,Bruneian,BrunÃ©ienne,BrunÃ©ien",673
"Bhutan,Kingdom of Bhutan,à½ à½–à¾²à½´à½‚à¼‹à½¢à¾’à¾±à½£à¼‹à½à½–à¼‹,à½ à½–à¾²à½´à½‚à¼‹à½¡à½´à½£à¼‹",officially-assigned,"BTN,INR",Thimphu,Asia,Southern Asia,Dzongkha,"27.5,90.5","CHN,IND",38394,ğŸ‡§ğŸ‡¹,"Bhutanese,Bhutanese,Bhoutanaise,Bhoutanais",975
"Bouvet Island,Bouvet Island,BouvetÃ¸ya,BouvetÃ¸ya",officially-assigned,,,Antarctic,,Norwegian,"-54.43333333,3.4",,49,ğŸ‡§ğŸ‡»,",",47
"Botswana,Republic of Botswana,Republic of Botswana,Botswana,Lefatshe la Botswana,Botswana",officially-assigned,BWP,Gaborone,Africa,Southern Africa,"English,Tswana","-22,24","NAM,ZAF,ZMB,ZWE",582000,ğŸ‡§ğŸ‡¼,"Motswana,Motswana,Botswanaise,Botswanais",267
"Central African Republic,Central African Republic,RÃ©publique centrafricaine,RÃ©publique centrafricaine,KÃ¶dÃ¶rÃ¶sÃªse tÃ® BÃªafrÃ®ka,BÃªafrÃ®ka",officially-assigned,XAF,Bangui,Africa,Middle Africa,"French,Sango","7,21","CMR,TCD,COD,COG,SSD,SDN",622984,ğŸ‡¨ğŸ‡«,"Central African,Central African,Centrafricaine,Centrafricain",236
"Canada,Canada,Canada,Canada,Canada,Canada",officially-assigned,CAD,Ottawa,Americas,North America,"English,French","60,-95",USA,9984670,ğŸ‡¨ğŸ‡¦,"Canadian,Canadian,Canadienne,Canadien",1
"Cocos (Keeling) Islands,Territory of the Cocos (Keeling) Islands,Territory of the Cocos (Keeling) Islands,Cocos (Keeling) Islands",officially-assigned,AUD,West Island,Oceania,Australia and New Zealand,English,"-12.5,96.83333333",,14,ğŸ‡¨ğŸ‡¨,"Cocos Islander,Cocos Islander,",61
"Switzerland,Swiss Confederation,ConfÃ©dÃ©ration suisse,Suisse,Schweizerische Eidgenossenschaft,Schweiz,Confederazione Svizzera,Svizzera,Confederaziun svizra,Svizra",officially-assigned,CHF,Bern,Europe,Western Europe,"French,Swiss German,Italian,Romansh","47,8","AUT,FRA,ITA,LIE,DEU",41284,ğŸ‡¨ğŸ‡­,"Swiss,Swiss,Suisse,Suisse",41
"Chile,Republic of Chile,RepÃºblica de Chile,Chile",officially-assigned,CLP,Santiago,Americas,South America,Spanish,"-30,-71","ARG,BOL,PER",756102,ğŸ‡¨ğŸ‡±,"Chilean,Chilean,Chilienne,Chilien",56
"China,People's Republic of China,ä¸­åäººæ°‘å…±å’Œå›½,ä¸­å›½",officially-assigned,CNY,Beijing,Asia,Eastern Asia,Chinese,"35,105","AFG,BTN,MMR,HKG,IND,KAZ,NPL,PRK,KGZ,LAO,MAC,MNG,PAK,RUS,TJK,VNM",9706961,ğŸ‡¨ğŸ‡³,"Chinese,Chinese,Chinoise,Chinois",86
"Ivory Coast,Republic of CÃ´te d'Ivoire,RÃ©publique de CÃ´te d'Ivoire,CÃ´te d'Ivoire",officially-assigned,XOF,Yamoussoukro,Africa,Western Africa,French,"8,-5","BFA,GHA,GIN,LBR,MLI",322463,ğŸ‡¨ğŸ‡®,"Ivorian,Ivorian,Ivoirienne,Ivoirien",225
"Cameroon,Republic of Cameroon,Republic of Cameroon,Cameroon,RÃ©publique du Cameroun,Cameroun",officially-assigned,XAF,YaoundÃ©,Africa,Middle Africa,"English,French","6,12","CAF,TCD,COG,GNQ,GAB,NGA",475442,ğŸ‡¨ğŸ‡²,"Cameroonian,Cameroonian,Camerounaise,Camerounais",237
"Democratic Republic of the Congo,DR Congo,RÃ©publique dÃ©mocratique du Congo,RD Congo,Repubilika ya Kongo Demokratiki,Repubilika ya Kongo Demokratiki,Republiki ya KongÃ³ Demokratiki,Republiki ya KongÃ³ Demokratiki,Ditunga dia Kongu wa Mungalaata,Ditunga dia Kongu wa Mungalaata,Jamhuri ya Kidemokrasia ya Kongo,Jamhuri ya Kidemokrasia ya Kongo",officially-assigned,CDF,Kinshasa,Africa,Middle Africa,"French,Kikongo,Lingala,Tshiluba,Swahili","0,25","AGO,BDI,CAF,COG,RWA,SSD,TZA,UGA,ZMB",2344858,ğŸ‡¨ğŸ‡©,"Congolese,Congolese,Congolaise,Congolais",243
"Republic of the Congo,Republic of the Congo,RÃ©publique du Congo,RÃ©publique du Congo,Repubilika ya Kongo,Repubilika ya Kongo,RepublÃ­ki ya KongÃ³,RepublÃ­ki ya KongÃ³",officially-assigned,XAF,Brazzaville,Africa,Middle Africa,"French,Kikongo,Lingala","-1,15","AGO,CMR,CAF,COD,GAB",342000,ğŸ‡¨ğŸ‡¬,"Congolese,Congolese,Congolaise,Congolais",242
"Cook Islands,Cook Islands,Cook Islands,Cook Islands,KÅ«ki 'Ä€irani,KÅ«ki 'Ä€irani",officially-assigned,"CKD,NZD",Avarua,Oceania,Polynesia,"English,Cook Islands MÄori","-21.23333333,-159.76666666",,236,ğŸ‡¨ğŸ‡°,"Cook Islander,Cook Islander,Cookienne,Cookien",682
"Colombia,Republic of Colombia,RepÃºblica de Colombia,Colombia",officially-assigned,COP,BogotÃ¡,Americas,South America,Spanish,"4,-72","BRA,ECU,PAN,PER,VEN",1141748,ğŸ‡¨ğŸ‡´,"Colombian,Colombian,Colombienne,Colombien",57
"Comoros,Union of the Comoros,Ø§Ù„Ø§ØªØ­Ø§Ø¯ Ø§Ù„Ù‚Ù…Ø±ÙŠ,Ø§Ù„Ù‚Ù…Ø±,Union des Comores,Comores,Udzima wa Komori,Komori",officially-assigned,KMF,Moroni,Africa,Eastern Africa,"Arabic,French,Comorian","-12.16666666,44.25",,1862,ğŸ‡°ğŸ‡²,"Comoran,Comoran,Comorienne,Comorien",269
"Cape Verde,Republic of Cabo Verde,RepÃºblica de Cabo Verde,Cabo Verde",officially-assigned,CVE,Praia,Africa,Western Africa,Portuguese,"16,-24",,4033,ğŸ‡¨ğŸ‡»,"Cape Verdian,Cape Verdian,Cap-verdienne,Cap-verdien",238
"Costa Rica,Republic of Costa Rica,RepÃºblica de Costa Rica,Costa Rica",officially-assigned,CRC,San JosÃ©,Americas,Central America,Spanish,"10,-84","NIC,PAN",51100,ğŸ‡¨ğŸ‡·,"Costa Rican,Costa Rican,Costaricaine,Costaricain",506
"Cuba,Republic of Cuba,RepÃºblica de Cuba,Cuba",officially-assigned,"CUC,CUP",Havana,Americas,Caribbean,Spanish,"21.5,-80",,109884,ğŸ‡¨ğŸ‡º,"Cuban,Cuban,Cubaine,Cubain",53
"CuraÃ§ao,Country of CuraÃ§ao,Country of CuraÃ§ao,CuraÃ§ao,Land CuraÃ§ao,CuraÃ§ao,Pais KÃ²rsou,Pais KÃ²rsou",officially-assigned,ANG,Willemstad,Americas,Caribbean,"English,Dutch,Papiamento","12.116667,-68.933333",,444,ğŸ‡¨ğŸ‡¼,"CuraÃ§aoan,CuraÃ§aoan,Curacienne,Curacien",599
"Christmas Island,Territory of Christmas Island,Territory of Christmas Island,Christmas Island",officially-assigned,AUD,Flying Fish Cove,Oceania,Australia and New Zealand,English,"-10.5,105.66666666",,135,ğŸ‡¨ğŸ‡½,"Christmas Islander,Christmas Islander,",61
"Cayman Islands,Cayman Islands,Cayman Islands,Cayman Islands",officially-assigned,KYD,George Town,Americas,Caribbean,English,"19.5,-80.5",,264,ğŸ‡°ğŸ‡¾,"Caymanian,Caymanian,CaÃ¯manienne,CaÃ¯manien",1345
"Cyprus,Republic of Cyprus,Î”Î·Î¼Î¿ÎºÏÎ±Ï„Î¯Î± Ï„Î·Ï‚ ÎšÏÏ€ÏÎ¿Ï‚,ÎšÏÏ€ÏÎ¿Ï‚,KÄ±brÄ±s Cumhuriyeti,KÄ±brÄ±s",officially-assigned,EUR,Nicosia,Europe,Southern Europe,"Greek,Turkish","35,33",,9251,ğŸ‡¨ğŸ‡¾,"Cypriot,Cypriot,Chypriote,Chypriote",357
"Czech Republic,Czechia,ÄŒeskÃ¡ republika,ÄŒesko,ÄŒeskÃ¡ republika,ÄŒesko",officially-assigned,CZK,Prague,Europe,Central Europe,"Czech,Slovak","49.75,15.5","AUT,DEU,POL,SVK",78865,ğŸ‡¨ğŸ‡¿,"Czech,Czech,TchÃ¨que,TchÃ¨que",420
"Germany,Federal Republic of Germany,Bundesrepublik Deutschland,Deutschland",officially-assigned,EUR,Berlin,Europe,Western Europe,German,"51,9","AUT,BEL,CZE,DNK,FRA,LUX,NLD,POL,CHE",357114,ğŸ‡©ğŸ‡ª,"German,German,Allemande,Allemand",49
"Djibouti,Republic of Djibouti,Ø¬Ù…Ù‡ÙˆØ±ÙŠØ© Ø¬ÙŠØ¨ÙˆØªÙŠ,Ø¬ÙŠØ¨ÙˆØªÙŠ,RÃ©publique de Djibouti,Djibouti",officially-assigned,DJF,Djibouti,Africa,Eastern Africa,"Arabic,French","11.5,43","ERI,ETH,SOM",23200,ğŸ‡©ğŸ‡¯,"Djibouti,Djibouti,Djiboutienne,Djiboutien",253
"Dominica,Commonwealth of Dominica,Commonwealth of Dominica,Dominica",officially-assigned,XCD,Roseau,Americas,Caribbean,English,"15.41666666,-61.33333333",,751,ğŸ‡©ğŸ‡²,"Dominican,Dominican,Dominiquaise,Dominiquais",1767
"Denmark,Kingdom of Denmark,Kongeriget Danmark,Danmark",officially-assigned,DKK,Copenhagen,Europe,Northern Europe,Danish,"56,10",DEU,43094,ğŸ‡©ğŸ‡°,"Danish,Danish,Danoise,Danois",45
"Dominican Republic,Dominican Republic,RepÃºblica Dominicana,RepÃºblica Dominicana",officially-assigned,DOP,Santo Domingo,Americas,Caribbean,Spanish,"19,-70.66666666",HTI,48671,ğŸ‡©ğŸ‡´,"Dominican,Dominican,Dominicaine,Dominicain","+1809,+1829,+1849"
"Algeria,People's Democratic Republic of Algeria,Ø§Ù„Ø¬Ù…Ù‡ÙˆØ±ÙŠØ© Ø§Ù„Ø¯ÙŠÙ…Ù‚Ø±Ø§Ø·ÙŠØ© Ø§Ù„Ø´Ø¹Ø¨ÙŠØ© Ø§Ù„Ø¬Ø²Ø§Ø¦Ø±ÙŠØ©,Ø§Ù„Ø¬Ø²Ø§Ø¦Ø±",officially-assigned,DZD,Algiers,Africa,Northern Africa,Arabic,"28,3","TUN,LBY,NER,ESH,MRT,MLI,MAR",2381741,ğŸ‡©ğŸ‡¿,"Algerian,Algerian,AlgÃ©rienne,AlgÃ©rien",213
"Ecuador,Republic of Ecuador,RepÃºblica del Ecuador,Ecuador",officially-assigned,USD,Quito,Americas,South America,Spanish,"-2,-77.5","COL,PER",276841,ğŸ‡ªğŸ‡¨,"Ecuadorean,Ecuadorean,Ã‰quatorienne,Ã‰quatorien",593
"Egypt,Arab Republic of Egypt,Ø¬Ù…Ù‡ÙˆØ±ÙŠØ© Ù…ØµØ± Ø§Ù„Ø¹Ø±Ø¨ÙŠØ©,Ù…ØµØ±",officially-assigned,EGP,Cairo,Africa,Northern Africa,Arabic,"27,30","ISR,LBY,PSE,SDN",1002450,ğŸ‡ªğŸ‡¬,"Egyptian,Egyptian,Ã‰gyptienne,Ã‰gyptien",20
"Eritrea,State of Eritrea,Ø¯ÙˆÙ„Ø© Ø¥Ø±ØªØ±ÙŠØ§,Ø¥Ø±ØªØ±ÙŠØ§,State of Eritrea,Eritrea,áˆƒáŒˆáˆ¨ áŠ¤áˆ­á‰µáˆ«,áŠ¤áˆ­á‰µáˆ«",officially-assigned,ERN,Asmara,Africa,Eastern Africa,"Arabic,English,Tigrinya","15,39","DJI,ETH,SDN",117600,ğŸ‡ªğŸ‡·,"Eritrean,Eritrean,Ã‰rythrÃ©enne,Ã‰rythrÃ©en",291
"Western Sahara,Sahrawi Arab Democratic Republic,Sahrawi Arab Democratic Republic,Western Sahara,Ø§Ù„Ø¬Ù…Ù‡ÙˆØ±ÙŠØ© Ø§Ù„Ø¹Ø±Ø¨ÙŠØ© Ø§Ù„ØµØ­Ø±Ø§ÙˆÙŠØ© Ø§Ù„Ø¯ÙŠÙ…Ù‚Ø±Ø§Ø·ÙŠØ©,Ø§Ù„ØµØ­Ø±Ø§Ø¡ Ø§Ù„ØºØ±Ø¨ÙŠØ©,RepÃºblica Ãrabe Saharaui DemocrÃ¡tica,Sahara Occidental",officially-assigned,"DZD,MAD,MRU",El AaiÃºn,Africa,Northern Africa,"Berber,Hassaniya,Spanish","24.5,-13","DZA,MRT,MAR",266000,ğŸ‡ªğŸ‡­,"Sahrawi,Sahrawi,","+2125288,+2125289"
"Spain,Kingdom of Spain,Reino de EspaÃ±a,EspaÃ±a",officially-assigned,EUR,Madrid,Europe,Southern Europe,Spanish,"40,-4","AND,FRA,GIB,PRT,MAR",505992,ğŸ‡ªğŸ‡¸,"Spanish,Spanish,Espagnole,Espagnol",34
"Estonia,Republic of Estonia,Eesti Vabariik,Eesti",officially-assigned,EUR,Tallinn,Europe,Northern Europe,Estonian,"59,26","LVA,RUS",45227,ğŸ‡ªğŸ‡ª,"Estonian,Estonian,Estonienne,Estonien",372
"Ethiopia,Federal Democratic Republic of Ethiopia,á‹¨áŠ¢á‰µá‹®áŒµá‹« áŒá‹´áˆ«áˆ‹á‹Š á‹²áˆáŠ­áˆ«áˆ²á‹«á‹Š áˆªáá‰¥áˆŠáŠ­,áŠ¢á‰µá‹®áŒµá‹«",officially-assigned,ETB,Addis Ababa,Africa,Eastern Africa,Amharic,"8,38","DJI,ERI,KEN,SOM,SSD,SDN",1104300,ğŸ‡ªğŸ‡¹,"Ethiopian,Ethiopian,Ã‰thiopienne,Ã‰thiopien",251
"Finland,Republic of Finland,Suomen tasavalta,Suomi,Republiken Finland,Finland",officially-assigned,EUR,Helsinki,Europe,Northern Europe,"Finnish,Swedish","64,26","NOR,SWE,RUS",338424,ğŸ‡«ğŸ‡®,"Finnish,Finnish,Finlandaise,Finlandais",358
"Fiji,Republic of Fiji,Republic of Fiji,Fiji,Matanitu Tugalala o Viti,Viti,à¤°à¤¿à¤ªà¤¬à¥à¤²à¤¿à¤• à¤‘à¤« à¤«à¥€à¤œà¥€,à¤«à¤¿à¤œà¥€",officially-assigned,FJD,Suva,Oceania,Melanesia,"English,Fijian,Fiji Hindi","-18,175",,18272,ğŸ‡«ğŸ‡¯,"Fijian,Fijian,Fidjienne,Fidjien",679
"Falkland Islands,Falkland Islands,Falkland Islands,Falkland Islands",officially-assigned,FKP,Stanley,Americas,South America,English,"-51.75,-59",,12173,ğŸ‡«ğŸ‡°,"Falkland Islander,Falkland Islander,Malouinne,Malouin",500
"France,French Republic,RÃ©publique franÃ§aise,France",officially-assigned,EUR,Paris,Europe,Western Europe,French,"46,2","AND,BEL,DEU,ITA,LUX,MCO,ESP,CHE",551695,ğŸ‡«ğŸ‡·,"French,French,FranÃ§aise,FranÃ§ais",33
"Faroe Islands,Faroe Islands,FÃ¦rÃ¸erne,FÃ¦rÃ¸erne,FÃ¸royar,FÃ¸royar",officially-assigned,"DKK,FOK",TÃ³rshavn,Europe,Northern Europe,"Danish,Faroese","62,-7",,1393,ğŸ‡«ğŸ‡´,"Faroese,Faroese,FÃ©roÃ¯enne,FÃ©roÃ¯en",298
"Micronesia,Federated States of Micronesia,Federated States of Micronesia,Micronesia",officially-assigned,,Palikir,Oceania,Micronesia,English,"6.91666666,158.25",,702,ğŸ‡«ğŸ‡²,"Micronesian,Micronesian,MicronÃ©sienne,MicronÃ©sien",691
"Gabon,Gabonese Republic,RÃ©publique gabonaise,Gabon",officially-assigned,XAF,Libreville,Africa,Middle Africa,French,"-1,11.75","CMR,COG,GNQ",267668,ğŸ‡¬ğŸ‡¦,"Gabonese,Gabonese,Gabonaise,Gabonais",241
"United Kingdom,United Kingdom of Great Britain and Northern Ireland,United Kingdom of Great Britain and Northern Ireland,United Kingdom",officially-assigned,GBP,London,Europe,Northern Europe,English,"54,-2",IRL,242900,ğŸ‡¬ğŸ‡§,"British,British,Britannique,Britannique",44
"Georgia,Georgia,áƒ¡áƒáƒ¥áƒáƒ áƒ—áƒ•áƒ”áƒšáƒ,áƒ¡áƒáƒ¥áƒáƒ áƒ—áƒ•áƒ”áƒšáƒ",officially-assigned,GEL,Tbilisi,Asia,Western Asia,Georgian,"42,43.5","ARM,AZE,RUS,TUR",69700,ğŸ‡¬ğŸ‡ª,"Georgian,Georgian,GÃ©orgienne,GÃ©orgien",995
"Guernsey,Bailiwick of Guernsey,Bailiwick of Guernsey,Guernsey,Bailliage de Guernesey,Guernesey,DgÃ¨rnÃ©siais,DgÃ¨rnÃ©siais",officially-assigned,"GBP,GGP",St. Peter Port,Europe,Northern Europe,"English,French,GuernÃ©siais","49.46666666,-2.58333333",,78,ğŸ‡¬ğŸ‡¬,"Channel Islander,Channel Islander,Guernesiaise,Guernesiais",44
"Ghana,Republic of Ghana,Republic of Ghana,Ghana",officially-assigned,GHS,Accra,Africa,Western Africa,English,"8,-2","BFA,CIV,TGO",238533,ğŸ‡¬ğŸ‡­,"Ghanaian,Ghanaian,GhanÃ©enne,GhanÃ©en",233
"Gibraltar,Gibraltar,Gibraltar,Gibraltar",officially-assigned,GIP,Gibraltar,Europe,Southern Europe,English,"36.13333333,-5.35",ESP,6,ğŸ‡¬ğŸ‡®,"Gibraltar,Gibraltar,Gibraltarienne,Gibraltarien",350
"Guinea,Republic of Guinea,RÃ©publique de GuinÃ©e,GuinÃ©e",officially-assigned,GNF,Conakry,Africa,Western Africa,French,"11,-10","CIV,GNB,LBR,MLI,SEN,SLE",245857,ğŸ‡¬ğŸ‡³,"Guinean,Guinean,GuinÃ©enne,GuinÃ©en",224
"Guadeloupe,Guadeloupe,Guadeloupe,Guadeloupe",officially-assigned,EUR,Basse-Terre,Americas,Caribbean,French,"16.25,-61.583333",,1628,ğŸ‡¬ğŸ‡µ,"Guadeloupian,Guadeloupian,GuadeloupÃ©enne,GuadeloupÃ©en",590
"Gambia,Republic of the Gambia,Republic of the Gambia,Gambia",officially-assigned,GMD,Banjul,Africa,Western Africa,English,"13.46666666,-16.56666666",SEN,10689,ğŸ‡¬ğŸ‡²,"Gambian,Gambian,Gambienne,Gambien",220
"Guinea-Bissau,Republic of Guinea-Bissau,RepÃºblica da GuinÃ©-Bissau,GuinÃ©-Bissau,RepÃºblica da GuinÃ©-Bissau,GuinÃ©-Bissau",officially-assigned,XOF,Bissau,Africa,Western Africa,"Portuguese,Upper Guinea Creole","12,-15","GIN,SEN",36125,ğŸ‡¬ğŸ‡¼,"Guinea-Bissauan,Guinea-Bissauan,Bissau-GuinÃ©enne,Bissau-GuinÃ©en",245
"Equatorial Guinea,Republic of Equatorial Guinea,RÃ©publique de la GuinÃ©e Ã‰quatoriale,GuinÃ©e Ã©quatoriale,RepÃºblica da GuinÃ© Equatorial,GuinÃ© Equatorial,RepÃºblica de Guinea Ecuatorial,Guinea Ecuatorial",officially-assigned,XAF,Malabo,Africa,Middle Africa,"French,Portuguese,Spanish","2,10","CMR,GAB",28051,ğŸ‡¬ğŸ‡¶,"Equatorial Guinean,Equatorial Guinean,Ã‰quato-guinÃ©enne,Ã‰quato-guinÃ©en",240
"Greece,Hellenic Republic,Î•Î»Î»Î·Î½Î¹ÎºÎ® Î”Î·Î¼Î¿ÎºÏÎ±Ï„Î¯Î±,Î•Î»Î»Î¬Î´Î±",officially-assigned,EUR,Athens,Europe,Southern Europe,Greek,"39,22","ALB,BGR,TUR,MKD",131990,ğŸ‡¬ğŸ‡·,"Greek,Greek,Grecque,Grec",30
"Grenada,Grenada,Grenada,Grenada",officially-assigned,XCD,St. George's,Americas,Caribbean,English,"12.11666666,-61.66666666",,344,ğŸ‡¬ğŸ‡©,"Grenadian,Grenadian,Grenadienne,Grenadien",1473
"Greenland,Greenland,Kalaallit Nunaat,Kalaallit Nunaat",officially-assigned,DKK,Nuuk,Americas,North America,Greenlandic,"72,-40",,2166086,ğŸ‡¬ğŸ‡±,"Greenlandic,Greenlandic,Groenlandaise,Groenlandais",299
"Guatemala,Republic of Guatemala,RepÃºblica de Guatemala,Guatemala",officially-assigned,GTQ,Guatemala City,Americas,Central America,Spanish,"15.5,-90.25","BLZ,SLV,HND,MEX",108889,ğŸ‡¬ğŸ‡¹,"Guatemalan,Guatemalan,GuatÃ©maltÃ¨que,GuatÃ©maltÃ¨que",502
"French Guiana,Guiana,Guyane,Guyane franÃ§aise",officially-assigned,EUR,Cayenne,Americas,South America,French,"4,-53","BRA,SUR",83534,ğŸ‡¬ğŸ‡«,"Guianan,Guianan,Guyanaise,Guyanais",594
"Guam,Guam,GuÃ¥hÃ¥n,GuÃ¥hÃ¥n,Guam,Guam,Guam,Guam",officially-assigned,USD,HagÃ¥tÃ±a,Oceania,Micronesia,"Chamorro,English,Spanish","13.46666666,144.78333333",,549,ğŸ‡¬ğŸ‡º,"Guamanian,Guamanian,",1671
"Guyana,Co-operative Republic of Guyana,Co-operative Republic of Guyana,Guyana",officially-assigned,GYD,Georgetown,Americas,South America,English,"5,-59","BRA,SUR,VEN",214969,ğŸ‡¬ğŸ‡¾,"Guyanese,Guyanese,Guyanienne,Guyanien",592
"Hong Kong,Hong Kong Special Administrative Region of the People's Republic of China,Hong Kong Special Administrative Region of the People's Republic of China,Hong Kong,ä¸­åäººæ°‘å…±å’Œå›½é¦™æ¸¯ç‰¹åˆ«è¡Œæ”¿åŒº,é¦™æ¸¯",officially-assigned,HKD,City of Victoria,Asia,Eastern Asia,"English,Chinese","22.267,114.188",CHN,1104,ğŸ‡­ğŸ‡°,"Hong Konger,Hong Konger,Hongkongaise,Hongkongais",852
"Heard Island and McDonald Islands,Heard Island and McDonald Islands,Heard Island and McDonald Islands,Heard Island and McDonald Islands",officially-assigned,,,Antarctic,,English,"-53.1,72.51666666",,412,ğŸ‡­ğŸ‡²,"Heard and McDonald Islander,Heard and McDonald Islander,",
"Honduras,Republic of Honduras,RepÃºblica de Honduras,Honduras",officially-assigned,HNL,Tegucigalpa,Americas,Central America,Spanish,"15,-86.5","GTM,SLV,NIC",112492,ğŸ‡­ğŸ‡³,"Honduran,Honduran,Hondurienne,Hondurien",504
"Croatia,Republic of Croatia,Republika Hrvatska,Hrvatska",officially-assigned,HRK,Zagreb,Europe,Southeast Europe,Croatian,"45.16666666,15.5","BIH,HUN,MNE,SRB,SVN",56594,ğŸ‡­ğŸ‡·,"Croatian,Croatian,Croate,Croate",385
"Haiti,Republic of Haiti,RÃ©publique d'HaÃ¯ti,HaÃ¯ti,Repiblik Ayiti,Ayiti",officially-assigned,HTG,Port-au-Prince,Americas,Caribbean,"French,Haitian Creole","19,-72.41666666",DOM,27750,ğŸ‡­ğŸ‡¹,"Haitian,Haitian,HaÃ¯tienne,HaÃ¯tien",509
"Hungary,Hungary,MagyarorszÃ¡g,MagyarorszÃ¡g",officially-assigned,HUF,Budapest,Europe,Central Europe,Hungarian,"47,20","AUT,HRV,ROU,SRB,SVK,SVN,UKR",93028,ğŸ‡­ğŸ‡º,"Hungarian,Hungarian,Hongroise,Hongrois",36
"Indonesia,Republic of Indonesia,Republik Indonesia,Indonesia",officially-assigned,IDR,Jakarta,Asia,South-Eastern Asia,Indonesian,"-5,120","TLS,MYS,PNG",1904569,ğŸ‡®ğŸ‡©,"Indonesian,Indonesian,IndonÃ©sienne,IndonÃ©sien",62
"Isle of Man,Isle of Man,Isle of Man,Isle of Man,Ellan Vannin or Mannin,Mannin",officially-assigned,"GBP,IMP",Douglas,Europe,Northern Europe,"English,Manx","54.25,-4.5",,572,ğŸ‡®ğŸ‡²,"Manx,Manx,",44
"India,Republic of India,Republic of India,India,à¤­à¤¾à¤°à¤¤ à¤—à¤£à¤°à¤¾à¤œà¥à¤¯,à¤­à¤¾à¤°à¤¤,à®‡à®¨à¯à®¤à®¿à®¯à®•à¯ à®•à¯à®Ÿà®¿à®¯à®°à®šà¯,à®‡à®¨à¯à®¤à®¿à®¯à®¾",officially-assigned,INR,New Delhi,Asia,Southern Asia,"English,Hindi,Tamil","20,77","BGD,BTN,MMR,CHN,NPL,PAK",3287590,ğŸ‡®ğŸ‡³,"Indian,Indian,Indienne,Indien",91
"British Indian Ocean Territory,British Indian Ocean Territory,British Indian Ocean Territory,British Indian Ocean Territory",officially-assigned,USD,Diego Garcia,Africa,Eastern Africa,English,"-6,71.5",,60,ğŸ‡®ğŸ‡´,"Indian,Indian,",246
"Ireland,Republic of Ireland,Republic of Ireland,Ireland,Poblacht na hÃ‰ireann,Ã‰ire",officially-assigned,EUR,Dublin,Europe,Northern Europe,"English,Irish","53,-8",GBR,70273,ğŸ‡®ğŸ‡ª,"Irish,Irish,Irlandaise,Irlandais",353
"Iran,Islamic Republic of Iran,Ø¬Ù…Ù‡ÙˆØ±ÛŒ Ø§Ø³Ù„Ø§Ù…ÛŒ Ø§ÛŒØ±Ø§Ù†,Ø§ÛŒØ±Ø§Ù†",officially-assigned,IRR,Tehran,Asia,Southern Asia,Persian (Farsi),"32,53","AFG,ARM,AZE,IRQ,PAK,TUR,TKM",1648195,ğŸ‡®ğŸ‡·,"Iranian,Iranian,Iranienne,Iranien",98
"Iraq,Republic of Iraq,Ø¬Ù…Ù‡ÙˆØ±ÙŠØ© Ø§Ù„Ø¹Ø±Ø§Ù‚,Ø§Ù„Ø¹Ø±Ø§Ù‚,Ü©Ü˜Ü¼Ü›Ü¢ÜµÜ ÜÜÜ¼ÜªÜ²Ü©,Ü©Ü˜Ü¼Ü›Ü¢ÜµÜ,Ú©Û†Ù…Ø§Ø±ÛŒ Ø¹ÛØ±Ø§Ù‚,Ú©Û†Ù…Ø§Ø±ÛŒ",officially-assigned,IQD,Baghdad,Asia,Western Asia,"Arabic,Aramaic,Sorani","33,44","IRN,JOR,KWT,SAU,SYR,TUR",438317,ğŸ‡®ğŸ‡¶,"Iraqi,Iraqi,Irakienne,Irakien",964
"Iceland,Iceland,Ãsland,Ãsland",officially-assigned,ISK,Reykjavik,Europe,Northern Europe,Icelandic,"65,-18",,103000,ğŸ‡®ğŸ‡¸,"Icelander,Icelander,Islandaise,Islandais",354
"Israel,State of Israel,Ø¯ÙˆÙ„Ø© Ø¥Ø³Ø±Ø§Ø¦ÙŠÙ„,Ø¥Ø³Ø±Ø§Ø¦ÙŠÙ„,××“×™× ×ª ×™×©×¨××œ,×™×©×¨××œ",officially-assigned,ILS,Jerusalem,Asia,Western Asia,"Arabic,Hebrew","31.47,35.13","EGY,JOR,LBN,PSE,SYR",20770,ğŸ‡®ğŸ‡±,"Israeli,Israeli,IsraÃ©lienne,IsraÃ©lien",972
"Italy,Italian Republic,Repubblica italiana,Italia",officially-assigned,EUR,Rome,Europe,Southern Europe,Italian,"42.83333333,12.83333333","AUT,FRA,SMR,SVN,CHE,VAT",301336,ğŸ‡®ğŸ‡¹,"Italian,Italian,Italienne,Italien",39
"Jamaica,Jamaica,Jamaica,Jamaica,Jamaica,Jamaica",officially-assigned,JMD,Kingston,Americas,Caribbean,"English,Jamaican Patois","18.25,-77.5",,10991,ğŸ‡¯ğŸ‡²,"Jamaican,Jamaican,JamaÃ¯caine,JamaÃ¯cain",1876
"Jersey,Bailiwick of Jersey,Bailiwick of Jersey,Jersey,Bailliage de Jersey,Jersey,Bailliage dÃ© JÃ¨rri,JÃ¨rri",officially-assigned,"GBP,JEP",Saint Helier,Europe,Northern Europe,"English,French,JÃ¨rriais","49.25,-2.16666666",,116,ğŸ‡¯ğŸ‡ª,"Channel Islander,Channel Islander,Jersiaise,Jersiais",44
"Jordan,Hashemite Kingdom of Jordan,Ø§Ù„Ù…Ù…Ù„ÙƒØ© Ø§Ù„Ø£Ø±Ø¯Ù†ÙŠØ© Ø§Ù„Ù‡Ø§Ø´Ù…ÙŠØ©,Ø§Ù„Ø£Ø±Ø¯Ù†",officially-assigned,JOD,Amman,Asia,Western Asia,Arabic,"31,36","IRQ,ISR,PSE,SAU,SYR",89342,ğŸ‡¯ğŸ‡´,"Jordanian,Jordanian,Jordanienne,Jordanien",962
"Japan,Japan,æ—¥æœ¬,æ—¥æœ¬",officially-assigned,JPY,Tokyo,Asia,Eastern Asia,Japanese,"36,138",,377930,ğŸ‡¯ğŸ‡µ,"Japanese,Japanese,Japonaise,Japonais",81
"Kazakhstan,Republic of Kazakhstan,ÒšĞ°Ğ·Ğ°Ò›ÑÑ‚Ğ°Ğ½ Ğ ĞµÑĞ¿ÑƒĞ±Ğ»Ğ¸ĞºĞ°ÑÑ‹,ÒšĞ°Ğ·Ğ°Ò›ÑÑ‚Ğ°Ğ½,Ğ ĞµÑĞ¿ÑƒĞ±Ğ»Ğ¸ĞºĞ° ĞšĞ°Ğ·Ğ°Ñ…ÑÑ‚Ğ°Ğ½,ĞšĞ°Ğ·Ğ°Ñ…ÑÑ‚Ğ°Ğ½",officially-assigned,KZT,Nur-Sultan,Asia,Central Asia,"Kazakh,Russian","48,68","CHN,KGZ,RUS,TKM,UZB",2724900,ğŸ‡°ğŸ‡¿,"Kazakhstani,Kazakhstani,Kazakhstanaise,Kazakhstanais","+76,+77"
"Kenya,Republic of Kenya,Republic of Kenya,Kenya,Republic of Kenya,Kenya",officially-assigned,KES,Nairobi,Africa,Eastern Africa,"English,Swahili","1,38","ETH,SOM,SSD,TZA,UGA",580367,ğŸ‡°ğŸ‡ª,"Kenyan,Kenyan,KÃ©nyane,KÃ©nyan",254
"Kyrgyzstan,Kyrgyz Republic,ĞšÑ‹Ñ€Ğ³Ñ‹Ğ· Ğ ĞµÑĞ¿ÑƒĞ±Ğ»Ğ¸ĞºĞ°ÑÑ‹,ĞšÑ‹Ñ€Ğ³Ñ‹Ğ·ÑÑ‚Ğ°Ğ½,ĞšÑ‹Ñ€Ğ³Ñ‹Ğ·ÑĞºĞ°Ñ Ğ ĞµÑĞ¿ÑƒĞ±Ğ»Ğ¸ĞºĞ°,ĞšĞ¸Ñ€Ğ³Ğ¸Ğ·Ğ¸Ñ",officially-assigned,KGS,Bishkek,Asia,Central Asia,"Kyrgyz,Russian","41,75","CHN,KAZ,TJK,UZB",199951,ğŸ‡°ğŸ‡¬,"Kirghiz,Kirghiz,Kirghize,Kirghize",996
"Cambodia,Kingdom of Cambodia,á–áŸ’ášáŸ‡ášá¶á‡á¶áá¶á…á€áŸ’ášá€á˜áŸ’á–á»á‡á¶,KÃ¢mpÅ­chÃ©a",officially-assigned,"KHR,USD",Phnom Penh,Asia,South-Eastern Asia,Khmer,"13,105","LAO,THA,VNM",181035,ğŸ‡°ğŸ‡­,"Cambodian,Cambodian,Cambodgienne,Cambodgien",855
"Kiribati,Independent and Sovereign Republic of Kiribati,Independent and Sovereign Republic of Kiribati,Kiribati,Ribaberiki Kiribati,Kiribati",officially-assigned,"AUD,KID",South Tarawa,Oceania,Micronesia,"English,Gilbertese","1.41666666,173",,811,ğŸ‡°ğŸ‡®,"I-Kiribati,I-Kiribati,Kiribatienne,Kiribatien",686
"Saint Kitts and Nevis,Federation of Saint Christopher and Nevis,Federation of Saint Christopher and Nevis,Saint Kitts and Nevis",officially-assigned,XCD,Basseterre,Americas,Caribbean,English,"17.33333333,-62.75",,261,ğŸ‡°ğŸ‡³,"Kittitian or Nevisian,Kittitian or Nevisian,Kittitienne-et-nevicienne,Kittitien-et-nevicien",1869
"South Korea,Republic of Korea,ëŒ€í•œë¯¼êµ­,í•œêµ­",officially-assigned,KRW,Seoul,Asia,Eastern Asia,Korean,"37,127.5",PRK,100210,ğŸ‡°ğŸ‡·,"South Korean,South Korean,Sud-corÃ©enne,Sud-corÃ©en",82
"Kosovo,Republic of Kosovo,Republika e KosovÃ«s,Kosova,Ğ ĞµĞ¿ÑƒĞ±Ğ»Ğ¸ĞºĞ° ĞšĞ¾ÑĞ¾Ğ²Ğ¾,ĞšĞ¾ÑĞ¾Ğ²Ğ¾",user-assigned,EUR,Pristina,Europe,Southeast Europe,"Albanian,Serbian","42.666667,21.166667","ALB,MKD,MNE,SRB",10908,ğŸ‡½ğŸ‡°,"Kosovar,Kosovar,Kosovare,Kosovar",383
"Kuwait,State of Kuwait,Ø¯ÙˆÙ„Ø© Ø§Ù„ÙƒÙˆÙŠØª,Ø§Ù„ÙƒÙˆÙŠØª",officially-assigned,KWD,Kuwait City,Asia,Western Asia,Arabic,"29.5,45.75","IRQ,SAU",17818,ğŸ‡°ğŸ‡¼,"Kuwaiti,Kuwaiti,KoweÃ¯tienne,KoweÃ¯tien",965
"Laos,Lao People's Democratic Republic,àºªàº²àº—àº²àº¥àº°àº™àº° àºŠàº²àº—àº´àº›àº°à»„àº• àº„àº»àº™àº¥àº²àº§ àº‚àº­àº‡,àºªàº›àº›àº¥àº²àº§",officially-assigned,LAK,Vientiane,Asia,South-Eastern Asia,Lao,"18,105","MMR,KHM,CHN,THA,VNM",236800,ğŸ‡±ğŸ‡¦,"Laotian,Laotian,Laotienne,Laotien",856
"Lebanon,Lebanese Republic,Ø§Ù„Ø¬Ù…Ù‡ÙˆØ±ÙŠØ© Ø§Ù„Ù„Ø¨Ù†Ø§Ù†ÙŠØ©,Ù„Ø¨Ù†Ø§Ù†,RÃ©publique libanaise,Liban",officially-assigned,LBP,Beirut,Asia,Western Asia,"Arabic,French","33.83333333,35.83333333","ISR,SYR",10452,ğŸ‡±ğŸ‡§,"Lebanese,Lebanese,Libanaise,Libanais",961
"Liberia,Republic of Liberia,Republic of Liberia,Liberia",officially-assigned,LRD,Monrovia,Africa,Western Africa,English,"6.5,-9.5","GIN,CIV,SLE",111369,ğŸ‡±ğŸ‡·,"Liberian,Liberian,LibÃ©rienne,LibÃ©rien",231
"Libya,State of Libya,Ø§Ù„Ø¯ÙˆÙ„Ø© Ù„ÙŠØ¨ÙŠØ§,Ù„ÙŠØ¨ÙŠØ§",officially-assigned,LYD,Tripoli,Africa,Northern Africa,Arabic,"25,17","DZA,TCD,EGY,NER,SDN,TUN",1759540,ğŸ‡±ğŸ‡¾,"Libyan,Libyan,Libyenne,Libyen",218
"Saint Lucia,Saint Lucia,Saint Lucia,Saint Lucia",officially-assigned,XCD,Castries,Americas,Caribbean,English,"13.88333333,-60.96666666",,616,ğŸ‡±ğŸ‡¨,"Saint Lucian,Saint Lucian,Saint-Lucienne,Saint-Lucien",1758
"Liechtenstein,Principality of Liechtenstein,FÃ¼rstentum Liechtenstein,Liechtenstein",officially-assigned,CHF,Vaduz,Europe,Western Europe,German,"47.26666666,9.53333333","AUT,CHE",160,ğŸ‡±ğŸ‡®,"Liechtensteiner,Liechtensteiner,Liechtensteinoise,Liechtensteinois",423
"Sri Lanka,Democratic Socialist Republic of Sri Lanka,à·à·Šâ€à¶»à·“ à¶½à¶‚à¶šà· à¶´à·Šâ€à¶»à¶¢à·à¶­à·à¶±à·Šà¶­à·Šâ€à¶»à·’à¶š à·ƒà¶¸à·à¶¢à·€à·à¶¯à·“ à¶¢à¶±à¶»à¶¢à¶º,à·à·Šâ€à¶»à·“ à¶½à¶‚à¶šà·à·€,à®‡à®²à®™à¯à®•à¯ˆ à®šà®©à®¨à®¾à®¯à®• à®šà¯‹à®šà®²à®¿à®šà®•à¯ à®•à¯à®Ÿà®¿à®¯à®°à®šà¯,à®‡à®²à®™à¯à®•à¯ˆ",officially-assigned,LKR,Colombo,Asia,Southern Asia,"Sinhala,Tamil","7,81",IND,65610,ğŸ‡±ğŸ‡°,"Sri Lankan,Sri Lankan,Sri-lankaise,Sri-lankais",94
"Lesotho,Kingdom of Lesotho,Kingdom of Lesotho,Lesotho,Kingdom of Lesotho,Lesotho",officially-assigned,"LSL,ZAR",Maseru,Africa,Southern Africa,"English,Sotho","-29.5,28.5",ZAF,30355,ğŸ‡±ğŸ‡¸,"Mosotho,Mosotho,LÃ©sothienne,LÃ©sothien",266
"Lithuania,Republic of Lithuania,Lietuvos Respublikos,Lietuva",officially-assigned,EUR,Vilnius,Europe,Northern Europe,Lithuanian,"56,24","BLR,LVA,POL,RUS",65300,ğŸ‡±ğŸ‡¹,"Lithuanian,Lithuanian,Lituanienne,Lituanien",370
"Luxembourg,Grand Duchy of Luxembourg,GroÃŸherzogtum Luxemburg,Luxemburg,Grand-DuchÃ© de Luxembourg,Luxembourg,Groussherzogtum LÃ«tzebuerg,LÃ«tzebuerg",officially-assigned,EUR,Luxembourg,Europe,Western Europe,"German,French,Luxembourgish","49.75,6.16666666","BEL,FRA,DEU",2586,ğŸ‡±ğŸ‡º,"Luxembourger,Luxembourger,Luxembourgeoise,Luxembourgeois",352
"Latvia,Republic of Latvia,Latvijas Republikas,Latvija",officially-assigned,EUR,Riga,Europe,Northern Europe,Latvian,"57,25","BLR,EST,LTU,RUS",64559,ğŸ‡±ğŸ‡»,"Latvian,Latvian,Lettone,Letton",371
"Macau,Macao Special Administrative Region of the People's Republic of China,RegiÃ£o Administrativa Especial de Macau da RepÃºblica Popular da China,Macau,ä¸­åäººæ°‘å…±å’Œå›½æ¾³é—¨ç‰¹åˆ«è¡Œæ”¿åŒº,æ¾³é—¨",officially-assigned,MOP,,Asia,Eastern Asia,"Portuguese,Chinese","22.16666666,113.55",CHN,30,ğŸ‡²ğŸ‡´,"Macanese,Macanese,Macanaise,Macanais",853
"Saint Martin,Saint Martin,Saint-Martin,Saint-Martin",officially-assigned,EUR,Marigot,Americas,Caribbean,French,"18.08333333,-63.95",SXM,53,ğŸ‡²ğŸ‡«,"Saint Martin Islander,Saint Martin Islander,Saint-Martinoise,Saint-Martinois",590
"Morocco,Kingdom of Morocco,Ø§Ù„Ù…Ù…Ù„ÙƒØ© Ø§Ù„Ù…ØºØ±Ø¨ÙŠØ©,Ø§Ù„Ù…ØºØ±Ø¨,âµœâ´°â´³âµâ´·âµ‰âµœ âµ âµâµâµ–âµ”âµ‰â´±,âµâµâ´°âµ–âµ”âµ‰â´±",officially-assigned,MAD,Rabat,Africa,Northern Africa,"Arabic,Berber","32,-5","DZA,ESH,ESP",446550,ğŸ‡²ğŸ‡¦,"Moroccan,Moroccan,Marocaine,Marocain",212
"Monaco,Principality of Monaco,PrincipautÃ© de Monaco,Monaco",officially-assigned,EUR,Monaco,Europe,Western Europe,French,"43.73333333,7.4",FRA,2.02,ğŸ‡²ğŸ‡¨,"Monegasque,Monegasque,MonÃ©gasque,MonÃ©gasque",377
"Moldova,Republic of Moldova,Republica Moldova,Moldova",officially-assigned,MDL,ChiÈ™inÄƒu,Europe,Eastern Europe,Moldavian,"47,29","ROU,UKR",33846,ğŸ‡²ğŸ‡©,"Moldovan,Moldovan,Moldave,Moldave",373
"Madagascar,Republic of Madagascar,RÃ©publique de Madagascar,Madagascar,Repoblikan'i Madagasikara,Madagasikara",officially-assigned,MGA,Antananarivo,Africa,Eastern Africa,"French,Malagasy","-20,47",,587041,ğŸ‡²ğŸ‡¬,"Malagasy,Malagasy,Malgache,Malgache",261
"Maldives,Republic of the Maldives,Ş‹Ş¨ŞˆŞ¬Ş€Ş¨ŞƒŞ§Ş‡Ş°Ş–Ş­ŞŞ¬ Ş–ŞªŞ‰Ş°Ş€Ş«ŞƒŞ¨Ş‡Ş°Ş”Ş§,Ş‹Ş¨ŞˆŞ¬Ş€Ş¨ŞƒŞ§Ş‡Ş°Ş–Ş­ŞŞ¬",officially-assigned,MVR,MalÃ©,Asia,Southern Asia,Maldivian,"3.25,73",,300,ğŸ‡²ğŸ‡»,"Maldivan,Maldivan,Maldivienne,Maldivien",960
"Mexico,United Mexican States,Estados Unidos Mexicanos,MÃ©xico",officially-assigned,MXN,Mexico City,Americas,North America,Spanish,"23,-102","BLZ,GTM,USA",1964375,ğŸ‡²ğŸ‡½,"Mexican,Mexican,Mexicaine,Mexicain",52
"Marshall Islands,Republic of the Marshall Islands,Republic of the Marshall Islands,Marshall Islands,Republic of the Marshall Islands,MÌ§ajeÄ¼",officially-assigned,USD,Majuro,Oceania,Micronesia,"English,Marshallese","9,168",,181,ğŸ‡²ğŸ‡­,"Marshallese,Marshallese,Marshallaise,Marshallais",692
"North Macedonia,Republic of North Macedonia,Ğ ĞµĞ¿ÑƒĞ±Ğ»Ğ¸ĞºĞ° Ğ¡ĞµĞ²ĞµÑ€Ğ½Ğ° ĞœĞ°ĞºĞµĞ´Ğ¾Ğ½Ğ¸Ñ˜Ğ°,ĞœĞ°ĞºĞµĞ´Ğ¾Ğ½Ğ¸Ñ˜Ğ°",officially-assigned,MKD,Skopje,Europe,Southeast Europe,Macedonian,"41.83333333,22","ALB,BGR,GRC,UNK,SRB",25713,ğŸ‡²ğŸ‡°,"Macedonian,Macedonian,MacÃ©donienne,MacÃ©donien",389
"Mali,Republic of Mali,RÃ©publique du Mali,Mali",officially-assigned,XOF,Bamako,Africa,Western Africa,French,"17,-4","DZA,BFA,GIN,CIV,MRT,NER,SEN",1240192,ğŸ‡²ğŸ‡±,"Malian,Malian,Malienne,Malien",223
"Malta,Republic of Malta,Republic of Malta,Malta,Repubblika ta ' Malta,Malta",officially-assigned,EUR,Valletta,Europe,Southern Europe,"English,Maltese","35.83333333,14.58333333",,316,ğŸ‡²ğŸ‡¹,"Maltese,Maltese,Maltaise,Maltais",356
"Myanmar,Republic of the Union of Myanmar,á€•á€¼á€Šá€ºá€‘á€±á€¬á€„á€ºá€…á€¯ á€á€™á€¹á€™á€ á€™á€¼á€”á€ºá€™á€¬á€”á€­á€¯á€„á€ºá€„á€¶á€á€±á€¬á€º,á€™á€¼á€”á€ºá€™á€¬",officially-assigned,MMK,Naypyidaw,Asia,South-Eastern Asia,Burmese,"22,98","BGD,CHN,IND,LAO,THA",676578,ğŸ‡²ğŸ‡²,"Burmese,Burmese,Birmane,Birman",95
"Montenegro,Montenegro,Ğ¦Ñ€Ğ½Ğ° Ğ“Ğ¾Ñ€Ğ°,Ğ¦Ñ€Ğ½Ğ° Ğ“Ğ¾Ñ€Ğ°",officially-assigned,EUR,Podgorica,Europe,Southeast Europe,Montenegrin,"42.5,19.3","ALB,BIH,HRV,UNK,SRB",13812,ğŸ‡²ğŸ‡ª,"Montenegrin,Montenegrin,MontÃ©nÃ©grine,MontÃ©nÃ©grin",382
"Mongolia,Mongolia,ĞœĞ¾Ğ½Ğ³Ğ¾Ğ» ÑƒĞ»Ñ,ĞœĞ¾Ğ½Ğ³Ğ¾Ğ» ÑƒĞ»Ñ",officially-assigned,MNT,Ulan Bator,Asia,Eastern Asia,Mongolian,"46,105","CHN,RUS",1564110,ğŸ‡²ğŸ‡³,"Mongolian,Mongolian,Mongole,Mongol",976
"Northern Mariana Islands,Commonwealth of the Northern Mariana Islands,Commonwealth of the Northern Mariana Islands,Northern Mariana Islands,Sankattan Siha Na Islas MariÃ¥nas,Na Islas MariÃ¥nas,Commonwealth of the Northern Mariana Islands,Northern Mariana Islands",officially-assigned,USD,Saipan,Oceania,Micronesia,"Carolinian,Chamorro,English","15.2,145.75",,464,ğŸ‡²ğŸ‡µ,"American,American,AmÃ©ricaine,AmÃ©rican",1670
"Mozambique,Republic of Mozambique,RepÃºblica de MoÃ§ambique,MoÃ§ambique",officially-assigned,MZN,Maputo,Africa,Eastern Africa,Portuguese,"-18.25,35","MWI,ZAF,SWZ,TZA,ZMB,ZWE",801590,ğŸ‡²ğŸ‡¿,"Mozambican,Mozambican,Mozambicaine,Mozambicain",258
"Mauritania,Islamic Republic of Mauritania,Ø§Ù„Ø¬Ù…Ù‡ÙˆØ±ÙŠØ© Ø§Ù„Ø¥Ø³Ù„Ø§Ù…ÙŠØ© Ø§Ù„Ù…ÙˆØ±ÙŠØªØ§Ù†ÙŠØ©,Ù…ÙˆØ±ÙŠØªØ§Ù†ÙŠØ§",officially-assigned,MRU,Nouakchott,Africa,Western Africa,Arabic,"20,-12","DZA,MLI,SEN,ESH",1030700,ğŸ‡²ğŸ‡·,"Mauritanian,Mauritanian,Mauritanienne,Mauritanien",222
"Montserrat,Montserrat,Montserrat,Montserrat",officially-assigned,XCD,Plymouth,Americas,Caribbean,English,"16.75,-62.2",,102,ğŸ‡²ğŸ‡¸,"Montserratian,Montserratian,Montserratienne,Montserratien",1664
"Martinique,Martinique,Martinique,Martinique",officially-assigned,EUR,Fort-de-France,Americas,Caribbean,French,"14.666667,-61",,1128,ğŸ‡²ğŸ‡¶,"Martinican,Martinican,Martiniquaise,Martiniquais",596
"Mauritius,Republic of Mauritius,Republic of Mauritius,Mauritius,RÃ©publique de Maurice,Maurice,Republik Moris,Moris",officially-assigned,MUR,Port Louis,Africa,Eastern Africa,"English,French,Mauritian Creole","-20.28333333,57.55",,2040,ğŸ‡²ğŸ‡º,"Mauritian,Mauritian,Mauricienne,Mauricien",230
"Malawi,Republic of Malawi,Republic of Malawi,Malawi,Chalo cha Malawi, Dziko la MalaÅµi,MalaÅµi",officially-assigned,MWK,Lilongwe,Africa,Eastern Africa,"English,Chewa","-13.5,34","MOZ,TZA,ZMB",118484,ğŸ‡²ğŸ‡¼,"Malawian,Malawian,Malawienne,Malawien",265
"Malaysia,Malaysia,Malaysia,Malaysia,Ù…Ù„ÙŠØ³ÙŠØ§,Ù…Ù„ÙŠØ³ÙŠØ§",officially-assigned,MYR,Kuala Lumpur,Asia,South-Eastern Asia,"English,Malay","2.5,112.5","BRN,IDN,THA",330803,ğŸ‡²ğŸ‡¾,"Malaysian,Malaysian,Malaisienne,Malaisien",60
"Mayotte,Department of Mayotte,DÃ©partement de Mayotte,Mayotte",officially-assigned,EUR,Mamoudzou,Africa,Eastern Africa,French,"-12.83333333,45.16666666",,374,ğŸ‡¾ğŸ‡¹,"Mahoran,Mahoran,Mahoraise,Mahorais",262
"Namibia,Republic of Namibia,Republiek van NamibiÃ«,NamibiÃ«,Republik Namibia,Namibia,Republic of Namibia,Namibia,Republic of Namibia,Namibia,Republic of Namibia,Namibia,Republic of Namibia,Namibia,Republic of Namibia,Namibia,Republic of Namibia,Namibia,Lefatshe la Namibia,Namibia",officially-assigned,"NAD,ZAR",Windhoek,Africa,Southern Africa,"Afrikaans,German,English,Herero,Khoekhoe,Kwangali,Lozi,Ndonga,Tswana","-22,17","AGO,BWA,ZAF,ZMB",825615,ğŸ‡³ğŸ‡¦,"Namibian,Namibian,Namibienne,Namibien",264
"New Caledonia,New Caledonia,Nouvelle-CalÃ©donie,Nouvelle-CalÃ©donie",officially-assigned,XPF,NoumÃ©a,Oceania,Melanesia,French,"-21.5,165.5",,18575,ğŸ‡³ğŸ‡¨,"New Caledonian,New Caledonian,NÃ©o-CalÃ©donienne,NÃ©o-CalÃ©donien",687
"Niger,Republic of Niger,RÃ©publique du Niger,Niger",officially-assigned,XOF,Niamey,Africa,Western Africa,French,"16,8","DZA,BEN,BFA,TCD,LBY,MLI,NGA",1267000,ğŸ‡³ğŸ‡ª,"Nigerien,Nigerien,NigÃ©rienne,NigÃ©rien",227
"Norfolk Island,Territory of Norfolk Island,Territory of Norfolk Island,Norfolk Island,Teratri of Norf'k Ailen,Norf'k Ailen",officially-assigned,AUD,Kingston,Oceania,Australia and New Zealand,"English,Norfuk","-29.03333333,167.95",,36,ğŸ‡³ğŸ‡«,"Norfolk Islander,Norfolk Islander,Norfolkaise,Norfolkais",672
"Nigeria,Federal Republic of Nigeria,Federal Republic of Nigeria,Nigeria",officially-assigned,NGN,Abuja,Africa,Western Africa,English,"10,8","BEN,CMR,TCD,NER",923768,ğŸ‡³ğŸ‡¬,"Nigerian,Nigerian,NigÃ©riane,NigÃ©rian",234
"Nicaragua,Republic of Nicaragua,RepÃºblica de Nicaragua,Nicaragua",officially-assigned,NIO,Managua,Americas,Central America,Spanish,"13,-85","CRI,HND",130373,ğŸ‡³ğŸ‡®,"Nicaraguan,Nicaraguan,Nicaraguayenne,Nicaraguayen",505
"Niue,Niue,Niue,Niue,NiuÄ“,NiuÄ“",officially-assigned,NZD,Alofi,Oceania,Polynesia,"English,Niuean","-19.03333333,-169.86666666",,260,ğŸ‡³ğŸ‡º,"Niuean,Niuean,NiuÃ©enne,NiuÃ©en",683
"Netherlands,Kingdom of the Netherlands,Koninkrijk der Nederlanden,Nederland",officially-assigned,EUR,Amsterdam,Europe,Western Europe,Dutch,"52.5,5.75","BEL,DEU",41850,ğŸ‡³ğŸ‡±,"Dutch,Dutch,NÃ©erlandaise,NÃ©erlandais",31
"Norway,Kingdom of Norway,Kongeriket Noreg,Noreg,Kongeriket Norge,Norge,Norgga gonagasriika,Norgga",officially-assigned,NOK,Oslo,Europe,Northern Europe,"Norwegian Nynorsk,Norwegian BokmÃ¥l,Sami","62,10","FIN,SWE,RUS",323802,ğŸ‡³ğŸ‡´,"Norwegian,Norwegian,NorvÃ©gienne,NorvÃ©gien",47
"Nepal,Federal Democratic Republic of Nepal,à¤¨à¥‡à¤ªà¤¾à¤² à¤¸à¤‚à¤˜à¥€à¤¯ à¤²à¥‹à¤•à¤¤à¤¾à¤¨à¥à¤¤à¥à¤°à¤¿à¤• à¤—à¤£à¤¤à¤¨à¥à¤¤à¥à¤°,à¤¨à¥‡à¤ªà¤¾à¤²",officially-assigned,NPR,Kathmandu,Asia,Southern Asia,Nepali,"28,84","CHN,IND",147181,ğŸ‡³ğŸ‡µ,"Nepalese,Nepalese,NÃ©palaise,NÃ©palais",977
"Nauru,Republic of Nauru,Republic of Nauru,Nauru,Republic of Nauru,Nauru",officially-assigned,AUD,Yaren,Oceania,Micronesia,"English,Nauru","-0.53333333,166.91666666",,21,ğŸ‡³ğŸ‡·,"Nauruan,Nauruan,Nauruane,Nauruan",674
"New Zealand,New Zealand,New Zealand,New Zealand,Aotearoa,Aotearoa,New Zealand,New Zealand",officially-assigned,NZD,Wellington,Oceania,Australia and New Zealand,"English,MÄori,New Zealand Sign Language","-41,174",,270467,ğŸ‡³ğŸ‡¿,"New Zealander,New Zealander,Neo-ZÃ©landaise,Neo-ZÃ©landais",64
"Oman,Sultanate of Oman,Ø³Ù„Ø·Ù†Ø© Ø¹Ù…Ø§Ù†,Ø¹Ù…Ø§Ù†",officially-assigned,OMR,Muscat,Asia,Western Asia,Arabic,"21,57","SAU,ARE,YEM",309500,ğŸ‡´ğŸ‡²,"Omani,Omani,Omanaise,Omanais",968
"Pakistan,Islamic Republic of Pakistan,Islamic Republic of Pakistan,Pakistan,Ø§Ø³Ù„Ø§Ù…ÛŒ Ø¬Ù…ÛÙˆØ±ÛŒÛ‚ Ù¾Ø§ÙƒØ³ØªØ§Ù†,Ù¾Ø§ÙƒØ³ØªØ§Ù†",officially-assigned,PKR,Islamabad,Asia,Southern Asia,"English,Urdu","30,70","AFG,CHN,IND,IRN",881912,ğŸ‡µğŸ‡°,"Pakistani,Pakistani,Pakistanaise,Pakistanais",92
"Panama,Republic of Panama,RepÃºblica de PanamÃ¡,PanamÃ¡",officially-assigned,"PAB,USD",Panama City,Americas,Central America,Spanish,"9,-80","COL,CRI",75417,ğŸ‡µğŸ‡¦,"Panamanian,Panamanian,PanamÃ©enne,PanamÃ©en",507
"Pitcairn Islands,Pitcairn Group of Islands,Pitcairn Group of Islands,Pitcairn Islands",officially-assigned,NZD,Adamstown,Oceania,Polynesia,English,"-25.06666666,-130.1",,47,ğŸ‡µğŸ‡³,"Pitcairn Islander,Pitcairn Islander,Pitcairnaise,Pitcairnais",64
"Peru,Republic of Peru,Piruw Suyu,Piruw,Piruw Ripuwlika,Piruw,RepÃºblica del PerÃº,PerÃº",officially-assigned,PEN,Lima,Americas,South America,"Aymara,Quechua,Spanish","-10,-76","BOL,BRA,CHL,COL,ECU",1285216,ğŸ‡µğŸ‡ª,"Peruvian,Peruvian,PÃ©ruvienne,PÃ©ruvien",51
"Philippines,Republic of the Philippines,Republic of the Philippines,Philippines,Republic of the Philippines,Pilipinas",officially-assigned,PHP,Manila,Asia,South-Eastern Asia,"English,Filipino","13,122",,342353,ğŸ‡µğŸ‡­,"Filipino,Filipino,Philippine,Philippin",63
"Palau,Republic of Palau,Republic of Palau,Palau,Beluu er a Belau,Belau",officially-assigned,USD,Ngerulmud,Oceania,Micronesia,"English,Palauan","7.5,134.5",,459,ğŸ‡µğŸ‡¼,"Palauan,Palauan,Paluane,Paluan",680
"Papua New Guinea,Independent State of Papua New Guinea,Independent State of Papua New Guinea,Papua New Guinea,Independen Stet bilong Papua Niugini,Papua Niu Gini,Independen Stet bilong Papua Niugini,Papua Niugini",officially-assigned,PGK,Port Moresby,Oceania,Melanesia,"English,Hiri Motu,Tok Pisin","-6,147",IDN,462840,ğŸ‡µğŸ‡¬,"Papua New Guinean,Papua New Guinean,Papouasienne,Papouasien",675
"Poland,Republic of Poland,Rzeczpospolita Polska,Polska",officially-assigned,PLN,Warsaw,Europe,Central Europe,Polish,"52,20","BLR,CZE,DEU,LTU,RUS,SVK,UKR",312679,ğŸ‡µğŸ‡±,"Polish,Polish,Polonaise,Polonais",48
"Puerto Rico,Commonwealth of Puerto Rico,Commonwealth of Puerto Rico,Puerto Rico,Estado Libre Asociado de Puerto Rico,Puerto Rico",officially-assigned,USD,San Juan,Americas,Caribbean,"English,Spanish","18.25,-66.5",,8870,ğŸ‡µğŸ‡·,"Puerto Rican,Puerto Rican,Portoricaine,Portoricain","+1787,+1939"
"North Korea,Democratic People's Republic of Korea,ì¡°ì„ ë¯¼ì£¼ì£¼ì˜ì¸ë¯¼ê³µí™”êµ­,ì¡°ì„ ",officially-assigned,KPW,Pyongyang,Asia,Eastern Asia,Korean,"40,127","CHN,KOR,RUS",120538,ğŸ‡°ğŸ‡µ,"North Korean,North Korean,Nord-corÃ©enne,Nord-corÃ©en",850
"Portugal,Portuguese Republic,RepÃºblica portuguÃªs,Portugal",officially-assigned,EUR,Lisbon,Europe,Southern Europe,Portuguese,"39.5,-8",ESP,92090,ğŸ‡µğŸ‡¹,"Portuguese,Portuguese,Portugaise,Portugais",351
"Paraguay,Republic of Paraguay,TetÃ£ ParaguÃ¡i,ParaguÃ¡i,RepÃºblica de Paraguay,Paraguay",officially-assigned,PYG,AsunciÃ³n,Americas,South America,"GuaranÃ­,Spanish","-23,-58","ARG,BOL,BRA",406752,ğŸ‡µğŸ‡¾,"Paraguayan,Paraguayan,Paraguayenne,Paraguayen",595
"Palestine,State of Palestine,Ø¯ÙˆÙ„Ø© ÙÙ„Ø³Ø·ÙŠÙ†,ÙÙ„Ø³Ø·ÙŠÙ†",officially-assigned,"EGP,ILS,JOD",Ramallah,Asia,Western Asia,Arabic,"31.9,35.2","ISR,EGY,JOR",6220,ğŸ‡µğŸ‡¸,"Palestinian,Palestinian,Palestinienne,Palestinien",970
"French Polynesia,French Polynesia,PolynÃ©sie franÃ§aise,PolynÃ©sie franÃ§aise",officially-assigned,XPF,PapeetÄ“,Oceania,Polynesia,French,"-15,-140",,4167,ğŸ‡µğŸ‡«,"French Polynesian,French Polynesian,PolynÃ©sienne,PolynÃ©sien",689
"Qatar,State of Qatar,Ø¯ÙˆÙ„Ø© Ù‚Ø·Ø±,Ù‚Ø·Ø±",officially-assigned,QAR,Doha,Asia,Western Asia,Arabic,"25.5,51.25",SAU,11586,ğŸ‡¶ğŸ‡¦,"Qatari,Qatari,Qatarienne,Qatarien",974
"RÃ©union,RÃ©union Island,Ile de la RÃ©union,La RÃ©union",officially-assigned,EUR,Saint-Denis,Africa,Eastern Africa,French,"-21.15,55.5",,2511,ğŸ‡·ğŸ‡ª,"RÃ©unionese,RÃ©unionese,RÃ©unionnaise,RÃ©unionnais",262
"Romania,Romania,RomÃ¢nia,RomÃ¢nia",officially-assigned,RON,Bucharest,Europe,Southeast Europe,Romanian,"46,25","BGR,HUN,MDA,SRB,UKR",238391,ğŸ‡·ğŸ‡´,"Romanian,Romanian,Roumaine,Roumain",40
"Russia,Russian Federation,Ğ Ğ¾ÑÑĞ¸Ğ¹ÑĞºĞ°Ñ Ğ¤ĞµĞ´ĞµÑ€Ğ°Ñ†Ğ¸Ñ,Ğ Ğ¾ÑÑĞ¸Ñ",officially-assigned,RUB,Moscow,Europe,Eastern Europe,Russian,"60,100","AZE,BLR,CHN,EST,FIN,GEO,KAZ,PRK,LVA,LTU,MNG,NOR,POL,UKR",17098242,ğŸ‡·ğŸ‡º,"Russian,Russian,Russe,Russe","+73,+74,+75,+78,+79"
"Rwanda,Republic of Rwanda,Republic of Rwanda,Rwanda,RÃ©publique rwandaise,Rwanda,Repubulika y'u Rwanda,Rwanda",officially-assigned,RWF,Kigali,Africa,Eastern Africa,"English,French,Kinyarwanda","-2,30","BDI,COD,TZA,UGA",26338,ğŸ‡·ğŸ‡¼,"Rwandan,Rwandan,Rwandaise,Rwandais",250
"Saudi Arabia,Kingdom of Saudi Arabia,Ø§Ù„Ù…Ù…Ù„ÙƒØ© Ø§Ù„Ø¹Ø±Ø¨ÙŠØ© Ø§Ù„Ø³Ø¹ÙˆØ¯ÙŠØ©,Ø§Ù„Ø¹Ø±Ø¨ÙŠØ© Ø§Ù„Ø³Ø¹ÙˆØ¯ÙŠØ©",officially-assigned,SAR,Riyadh,Asia,Western Asia,Arabic,"25,45","IRQ,JOR,KWT,OMN,QAT,ARE,YEM",2149690,ğŸ‡¸ğŸ‡¦,"Saudi Arabian,Saudi Arabian,Saoudienne,Saoudien",966
"Sudan,Republic of the Sudan,Ø¬Ù…Ù‡ÙˆØ±ÙŠØ© Ø§Ù„Ø³ÙˆØ¯Ø§Ù†,Ø§Ù„Ø³ÙˆØ¯Ø§Ù†,Republic of the Sudan,Sudan",officially-assigned,SDG,Khartoum,Africa,Northern Africa,"Arabic,English","15,30","CAF,TCD,EGY,ERI,ETH,LBY,SSD",1886068,ğŸ‡¸ğŸ‡©,"Sudanese,Sudanese,Soudanaise,Soudanais",249
"Senegal,Republic of Senegal,RÃ©publique du SÃ©nÃ©gal,SÃ©nÃ©gal",officially-assigned,XOF,Dakar,Africa,Western Africa,French,"14,-14","GMB,GIN,GNB,MLI,MRT",196722,ğŸ‡¸ğŸ‡³,"Senegalese,Senegalese,SÃ©nÃ©galaise,SÃ©nÃ©galais",221
"Singapore,Republic of Singapore,æ–°åŠ å¡å…±å’Œå›½,æ–°åŠ å¡,Republic of Singapore,Singapore,Republik Singapura,Singapura,à®šà®¿à®™à¯à®•à®ªà¯à®ªà¯‚à®°à¯ à®•à¯à®Ÿà®¿à®¯à®°à®šà¯,à®šà®¿à®™à¯à®•à®ªà¯à®ªà¯‚à®°à¯",officially-assigned,SGD,Singapore,Asia,South-Eastern Asia,"Chinese,English,Malay,Tamil","1.36666666,103.8",,710,ğŸ‡¸ğŸ‡¬,"Singaporean,Singaporean,Singapourienne,Singapourien",65
"South Georgia,South Georgia and the South Sandwich Islands,South Georgia and the South Sandwich Islands,South Georgia",officially-assigned,SHP,King Edward Point,Antarctic,,English,"-54.5,-37",,3903,ğŸ‡¬ğŸ‡¸,"South Georgian South Sandwich Islander,South Georgian South Sandwich Islander,",500
"Svalbard and Jan Mayen,Svalbard og Jan Mayen,Svalbard og Jan Mayen,Svalbard og Jan Mayen",officially-assigned,NOK,Longyearbyen,Europe,Northern Europe,Norwegian,"78,20",,-1,ğŸ‡¸ğŸ‡¯,"Norwegian,Norwegian,",4779
"Solomon Islands,Solomon Islands,Solomon Islands,Solomon Islands",officially-assigned,SBD,Honiara,Oceania,Melanesia,English,"-8,159",,28896,ğŸ‡¸ğŸ‡§,"Solomon Islander,Solomon Islander,Salomonienne,Salomonien",677
"Sierra Leone,Republic of Sierra Leone,Republic of Sierra Leone,Sierra Leone",officially-assigned,SLL,Freetown,Africa,Western Africa,English,"8.5,-11.5","GIN,LBR",71740,ğŸ‡¸ğŸ‡±,"Sierra Leonean,Sierra Leonean,Sierra-leonaise,Sierra-leonais",232
"El Salvador,Republic of El Salvador,RepÃºblica de El Salvador,El Salvador",officially-assigned,USD,San Salvador,Americas,Central America,Spanish,"13.83333333,-88.91666666","GTM,HND",21041,ğŸ‡¸ğŸ‡»,"Salvadoran,Salvadoran,Salvadorienne,Salvadorien",503
"San Marino,Most Serene Republic of San Marino,Serenissima Repubblica di San Marino,San Marino",officially-assigned,EUR,City of San Marino,Europe,Southern Europe,Italian,"43.76666666,12.41666666",ITA,61,ğŸ‡¸ğŸ‡²,"Sammarinese,Sammarinese,Saint-Marinaise,Saint-Marinais",378
"Somalia,Federal Republic of Somalia,Ø¬Ù…Ù‡ÙˆØ±ÙŠØ© Ø§Ù„ØµÙˆÙ…Ø§Ù„,Ø§Ù„ØµÙˆÙ…Ø§Ù„,Jamhuuriyadda Federaalka Soomaaliya,Soomaaliya",officially-assigned,SOS,Mogadishu,Africa,Eastern Africa,"Arabic,Somali","10,49","DJI,ETH,KEN",637657,ğŸ‡¸ğŸ‡´,"Somali,Somali,Somalienne,Somalien",252
"Saint Pierre and Miquelon,Saint Pierre and Miquelon,CollectivitÃ© territoriale de Saint-Pierre-et-Miquelon,Saint-Pierre-et-Miquelon",officially-assigned,EUR,Saint-Pierre,Americas,North America,French,"46.83333333,-56.33333333",,242,ğŸ‡µğŸ‡²,"Saint-Pierrais, Miquelonnais,Saint-Pierrais, Miquelonnais,Saint-Pierraise, Miquelonaise,Saint-Pierrais, Miquelonais",508
"Serbia,Republic of Serbia,Ğ ĞµĞ¿ÑƒĞ±Ğ»Ğ¸ĞºĞ° Ğ¡Ñ€Ğ±Ğ¸Ñ˜Ğ°,Ğ¡Ñ€Ğ±Ğ¸Ñ˜Ğ°",officially-assigned,RSD,Belgrade,Europe,Southeast Europe,Serbian,"44,21","BIH,BGR,HRV,HUN,UNK,MKD,MNE,ROU",88361,ğŸ‡·ğŸ‡¸,"Serbian,Serbian,Serbe,Serbe",381
"South Sudan,Republic of South Sudan,Republic of South Sudan,South Sudan",officially-assigned,SSP,Juba,Africa,Middle Africa,English,"7,30","CAF,COD,ETH,KEN,SDN,UGA",619745,ğŸ‡¸ğŸ‡¸,"South Sudanese,South Sudanese,Sud-Soudanaise,Sud-Soudanais",211
"SÃ£o TomÃ© and PrÃ­ncipe,Democratic Republic of SÃ£o TomÃ© and PrÃ­ncipe,RepÃºblica DemocrÃ¡tica do SÃ£o TomÃ© e PrÃ­ncipe,SÃ£o TomÃ© e PrÃ­ncipe",officially-assigned,STN,SÃ£o TomÃ©,Africa,Middle Africa,Portuguese,"1,7",,964,ğŸ‡¸ğŸ‡¹,"Sao Tomean,Sao Tomean,SantomÃ©enne,SantomÃ©en",239
"Suriname,Republic of Suriname,Republiek Suriname,Suriname",officially-assigned,SRD,Paramaribo,Americas,South America,Dutch,"4,-56","BRA,GUF,GUY",163820,ğŸ‡¸ğŸ‡·,"Surinamer,Surinamer,Surinamaise,Surinamais",597
"Slovakia,Slovak Republic,SlovenskÃ¡ republika,Slovensko",officially-assigned,EUR,Bratislava,Europe,Central Europe,Slovak,"48.66666666,19.5","AUT,CZE,HUN,POL,UKR",49037,ğŸ‡¸ğŸ‡°,"Slovak,Slovak,Slovaque,Slovaque",421
"Slovenia,Republic of Slovenia,Republika Slovenija,Slovenija",officially-assigned,EUR,Ljubljana,Europe,Central Europe,Slovene,"46.11666666,14.81666666","AUT,HRV,ITA,HUN",20273,ğŸ‡¸ğŸ‡®,"Slovene,Slovene,SlovÃ¨ne,SlovÃ¨ne",386
"Sweden,Kingdom of Sweden,Konungariket Sverige,Sverige",officially-assigned,SEK,Stockholm,Europe,Northern Europe,Swedish,"62,15","FIN,NOR",450295,ğŸ‡¸ğŸ‡ª,"Swedish,Swedish,SuÃ©doise,SuÃ©dois",46
"Eswatini,Kingdom of Eswatini,Kingdom of Eswatini,Eswatini,Umbuso weSwatini,eSwatini",officially-assigned,"SZL,ZAR",Lobamba,Africa,Southern Africa,"English,Swazi","-26.5,31.5","MOZ,ZAF",17364,ğŸ‡¸ğŸ‡¿,"Swazi,Swazi,Swazie,Swazie",268
"Sint Maarten,Sint Maarten,Sint Maarten,Sint Maarten,Saint-Martin,Saint-Martin,Sint Maarten,Sint Maarten",officially-assigned,ANG,Philipsburg,Americas,Caribbean,"English,French,Dutch","18.033333,-63.05",MAF,34,ğŸ‡¸ğŸ‡½,"St. Maartener,St. Maartener,Saint-Martinoise,Saint-Martinois",1721
"Seychelles,Republic of Seychelles,Repiblik Sesel,Sesel,Republic of Seychelles,Seychelles,RÃ©publique des Seychelles,Seychelles",officially-assigned,SCR,Victoria,Africa,Eastern Africa,"Seychellois Creole,English,French","-4.58333333,55.66666666",,452,ğŸ‡¸ğŸ‡¨,"Seychellois,Seychellois,Seychelloise,Seychellois",248
"Syria,Syrian Arab Republic,Ø§Ù„Ø¬Ù…Ù‡ÙˆØ±ÙŠØ© Ø§Ù„Ø¹Ø±Ø¨ÙŠØ© Ø§Ù„Ø³ÙˆØ±ÙŠØ©,Ø³ÙˆØ±ÙŠØ§",officially-assigned,SYP,Damascus,Asia,Western Asia,Arabic,"35,38","IRQ,ISR,JOR,LBN,TUR",185180,ğŸ‡¸ğŸ‡¾,"Syrian,Syrian,Syrienne,Syrien",963
"Turks and Caicos Islands,Turks and Caicos Islands,Turks and Caicos Islands,Turks and Caicos Islands",officially-assigned,USD,Cockburn Town,Americas,Caribbean,English,"21.75,-71.58333333",,948,ğŸ‡¹ğŸ‡¨,"Turks and Caicos Islander,Turks and Caicos Islander,",1649
"Chad,Republic of Chad,Ø¬Ù…Ù‡ÙˆØ±ÙŠØ© ØªØ´Ø§Ø¯,ØªØ´Ø§Ø¯,RÃ©publique du Tchad,Tchad",officially-assigned,XAF,N'Djamena,Africa,Middle Africa,"Arabic,French","15,19","CMR,CAF,LBY,NER,NGA,SDN",1284000,ğŸ‡¹ğŸ‡©,"Chadian,Chadian,Tchadienne,Tchadien",235
"Togo,Togolese Republic,RÃ©publique togolaise,Togo",officially-assigned,XOF,LomÃ©,Africa,Western Africa,French,"8,1.16666666","BEN,BFA,GHA",56785,ğŸ‡¹ğŸ‡¬,"Togolese,Togolese,Togolaise,Togolais",228
"Thailand,Kingdom of Thailand,à¸£à¸²à¸Šà¸­à¸²à¸“à¸²à¸ˆà¸±à¸à¸£à¹„à¸—à¸¢,à¸›à¸£à¸°à¹€à¸—à¸¨à¹„à¸—à¸¢",officially-assigned,THB,Bangkok,Asia,South-Eastern Asia,Thai,"15,100","MMR,KHM,LAO,MYS",513120,ğŸ‡¹ğŸ‡­,"Thai,Thai,ThaÃ¯landaise,ThaÃ¯landais",66
"Tajikistan,Republic of Tajikistan,Ğ ĞµÑĞ¿ÑƒĞ±Ğ»Ğ¸ĞºĞ° Ğ¢Ğ°Ğ´Ğ¶Ğ¸ĞºĞ¸ÑÑ‚Ğ°Ğ½,Ğ¢Ğ°Ğ´Ğ¶Ğ¸ĞºĞ¸ÑÑ‚Ğ°Ğ½,Ò¶ÑƒĞ¼Ò³ÑƒÑ€Ğ¸Ğ¸ Ğ¢Ğ¾Ò·Ğ¸ĞºĞ¸ÑÑ‚Ğ¾Ğ½,Ğ¢Ğ¾Ò·Ğ¸ĞºĞ¸ÑÑ‚Ğ¾Ğ½",officially-assigned,TJS,Dushanbe,Asia,Central Asia,"Russian,Tajik","39,71","AFG,CHN,KGZ,UZB",143100,ğŸ‡¹ğŸ‡¯,"Tadzhik,Tadzhik,Tadjike,Tadjike",992
"Tokelau,Tokelau,Tokelau,Tokelau,Tokelau,Tokelau,Tokelau,Tokelau",officially-assigned,NZD,Fakaofo,Oceania,Polynesia,"English,Samoan,Tokelauan","-9,-172",,12,ğŸ‡¹ğŸ‡°,"Tokelauan,Tokelauan,",690
"Turkmenistan,Turkmenistan,Ğ¢ÑƒÑ€ĞºĞ¼ĞµĞ½Ğ¸ÑÑ‚Ğ°Ğ½,Ğ¢ÑƒÑ€ĞºĞ¼ĞµĞ½Ğ¸Ñ,TÃ¼rkmenistan,TÃ¼rkmenistan",officially-assigned,TMT,Ashgabat,Asia,Central Asia,"Russian,Turkmen","40,60","AFG,IRN,KAZ,UZB",488100,ğŸ‡¹ğŸ‡²,"Turkmen,Turkmen,TurkmÃ¨ne,TurkmÃ¨ne",993
"Timor-Leste,Democratic Republic of Timor-Leste,RepÃºblica DemocrÃ¡tica de Timor-Leste,Timor-Leste,RepÃºblika DemokrÃ¡tika TimÃ³r-Leste,TimÃ³r-Leste",officially-assigned,USD,Dili,Asia,South-Eastern Asia,"Portuguese,Tetum","-8.83333333,125.91666666",IDN,14874,ğŸ‡¹ğŸ‡±,"East Timorese,East Timorese,Est-timoraise,Est-timorais",670
"Tonga,Kingdom of Tonga,Kingdom of Tonga,Tonga,Kingdom of Tonga,Tonga",officially-assigned,TOP,Nuku'alofa,Oceania,Polynesia,"English,Tongan","-20,-175",,747,ğŸ‡¹ğŸ‡´,"Tongan,Tongan,Tonguienne,Tonguien",676
"Trinidad and Tobago,Republic of Trinidad and Tobago,Republic of Trinidad and Tobago,Trinidad and Tobago",officially-assigned,TTD,Port of Spain,Americas,Caribbean,English,"11,-61",,5130,ğŸ‡¹ğŸ‡¹,"Trinidadian,Trinidadian,Trinidadienne,Trinidadien",1868
"Tunisia,Tunisian Republic,Ø§Ù„Ø¬Ù…Ù‡ÙˆØ±ÙŠØ© Ø§Ù„ØªÙˆÙ†Ø³ÙŠØ©,ØªÙˆÙ†Ø³",officially-assigned,TND,Tunis,Africa,Northern Africa,Arabic,"34,9","DZA,LBY",163610,ğŸ‡¹ğŸ‡³,"Tunisian,Tunisian,Tunisienne,Tunisien",216
"Turkey,Republic of Turkey,TÃ¼rkiye Cumhuriyeti,TÃ¼rkiye",officially-assigned,TRY,Ankara,Asia,Western Asia,Turkish,"39,35","ARM,AZE,BGR,GEO,GRC,IRN,IRQ,SYR",783562,ğŸ‡¹ğŸ‡·,"Turkish,Turkish,Turque,Turc",90
"Tuvalu,Tuvalu,Tuvalu,Tuvalu,Tuvalu,Tuvalu",officially-assigned,"AUD,TVD",Funafuti,Oceania,Polynesia,"English,Tuvaluan","-8,178",,26,ğŸ‡¹ğŸ‡»,"Tuvaluan,Tuvaluan,Tuvaluane,Tuvaluan",688
"Taiwan,Republic of China (Taiwan),ä¸­è¯æ°‘åœ‹,å°ç£",officially-assigned,TWD,Taipei,Asia,Eastern Asia,Chinese,"23.5,121",,36193,ğŸ‡¹ğŸ‡¼,"Taiwanese,Taiwanese,TaÃ¯wanaise,TaÃ¯wanais",886
"Tanzania,United Republic of Tanzania,United Republic of Tanzania,Tanzania,Jamhuri ya Muungano wa Tanzania,Tanzania",officially-assigned,TZS,Dodoma,Africa,Eastern Africa,"English,Swahili","-6,35","BDI,COD,KEN,MWI,MOZ,RWA,UGA,ZMB",945087,ğŸ‡¹ğŸ‡¿,"Tanzanian,Tanzanian,Tanzanienne,Tanzanien",255
"Uganda,Republic of Uganda,Republic of Uganda,Uganda,Republic of Uganda,Uganda",officially-assigned,UGX,Kampala,Africa,Eastern Africa,"English,Swahili","1,32","COD,KEN,RWA,SSD,TZA",241550,ğŸ‡ºğŸ‡¬,"Ugandan,Ugandan,Ougandaise,Ougandais",256
"Ukraine,Ukraine,Ğ£ĞºÑ€Ğ°Ñ—Ğ½Ğ°,Ğ£ĞºÑ€Ğ°Ñ—Ğ½Ğ°",officially-assigned,UAH,Kyiv,Europe,Eastern Europe,Ukrainian,"49,32","BLR,HUN,MDA,POL,ROU,RUS,SVK",603500,ğŸ‡ºğŸ‡¦,"Ukrainian,Ukrainian,Ukrainienne,Ukrainien",380
"United States Minor Outlying Islands,United States Minor Outlying Islands,United States Minor Outlying Islands,United States Minor Outlying Islands",officially-assigned,USD,,Americas,North America,English,"19.3,166.633333",,34.2,ğŸ‡ºğŸ‡²,"American Islander,American Islander,",268
"Uruguay,Oriental Republic of Uruguay,RepÃºblica Oriental del Uruguay,Uruguay",officially-assigned,UYU,Montevideo,Americas,South America,Spanish,"-33,-56","ARG,BRA",181034,ğŸ‡ºğŸ‡¾,"Uruguayan,Uruguayan,Uruguayenne,Uruguayen",598
"United States,United States of America,United States of America,United States",officially-assigned,USD,Washington D.C.,Americas,North America,English,"38,-97","CAN,MEX",9372610,ğŸ‡ºğŸ‡¸,"American,American,AmÃ©ricaine,AmÃ©ricain","+1201,+1202,+1203,+1205,+1206,+1207,+1208,+1209,+1210,+1212,+1213,+1214,+1215,+1216,+1217,+1218,+1219,+1220,+1224,+1225,+1227,+1228,+1229,+1231,+1234,+1239,+1240,+1248,+1251,+1252,+1253,+1254,+1256,+1260,+1262,+1267,+1269,+1270,+1272,+1274,+1276,+1281,+1283,+1301,+1302,+1303,+1304,+1305,+1307,+1308,+1309,+1310,+1312,+1313,+1314,+1315,+1316,+1317,+1318,+1319,+1320,+1321,+1323,+1325,+1327,+1330,+1331,+1334,+1336,+1337,+1339,+1346,+1347,+1351,+1352,+1360,+1361,+1364,+1380,+1385,+1386,+1401,+1402,+1404,+1405,+1406,+1407,+1408,+1409,+1410,+1412,+1413,+1414,+1415,+1417,+1419,+1423,+1424,+1425,+1430,+1432,+1434,+1435,+1440,+1442,+1443,+1447,+1458,+1463,+1464,+1469,+1470,+1475,+1478,+1479,+1480,+1484,+1501,+1502,+1503,+1504,+1505,+1507,+1508,+1509,+1510,+1512,+1513,+1515,+1516,+1517,+1518,+1520,+1530,+1531,+1534,+1539,+1540,+1541,+1551,+1559,+1561,+1562,+1563,+1564,+1567,+1570,+1571,+1573,+1574,+1575,+1580,+1585,+1586,+1601,+1602,+1603,+1605,+1606,+1607,+1608,+1609,+1610,+1612,+1614,+1615,+1616,+1617,+1618,+1619,+1620,+1623,+1626,+1628,+1629,+1630,+1631,+1636,+1641,+1646,+1650,+1651,+1657,+1660,+1661,+1662,+1667,+1669,+1678,+1681,+1682,+1701,+1702,+1703,+1704,+1706,+1707,+1708,+1712,+1713,+1714,+1715,+1716,+1717,+1718,+1719,+1720,+1724,+1725,+1727,+1730,+1731,+1732,+1734,+1737,+1740,+1743,+1747,+1754,+1757,+1760,+1762,+1763,+1765,+1769,+1770,+1772,+1773,+1774,+1775,+1779,+1781,+1785,+1786,+1801,+1802,+1803,+1804,+1805,+1806,+1808,+1810,+1812,+1813,+1814,+1815,+1816,+1817,+1818,+1828,+1830,+1831,+1832,+1843,+1845,+1847,+1848,+1850,+1854,+1856,+1857,+1858,+1859,+1860,+1862,+1863,+1864,+1865,+1870,+1872,+1878,+1901,+1903,+1904,+1906,+1907,+1908,+1909,+1910,+1912,+1913,+1914,+1915,+1916,+1917,+1918,+1919,+1920,+1925,+1928,+1929,+1930,+1931,+1934,+1936,+1937,+1938,+1940,+1941,+1947,+1949,+1951,+1952,+1954,+1956,+1959,+1970,+1971,+1972,+1973,+1975,+1978,+1979,+1980,+1984,+1985,+1989"
"Uzbekistan,Republic of Uzbekistan,Ğ ĞµÑĞ¿ÑƒĞ±Ğ»Ğ¸ĞºĞ° Ğ£Ğ·Ğ±ĞµĞºĞ¸ÑÑ‚Ğ°Ğ½,Ğ£Ğ·Ğ±ĞµĞºĞ¸ÑÑ‚Ğ°Ğ½,O'zbekiston Respublikasi,Oâ€˜zbekiston",officially-assigned,UZS,Tashkent,Asia,Central Asia,"Russian,Uzbek","41,64","AFG,KAZ,KGZ,TJK,TKM",447400,ğŸ‡ºğŸ‡¿,"Uzbekistani,Uzbekistani,OuzbÃ¨ke,OuzbÃ¨ke",998
"Vatican City,Vatican City State,Stato della CittÃ  del Vaticano,Vaticano,Status Civitatis VaticanÃ¦,VaticanÃ¦",officially-assigned,EUR,Vatican City,Europe,Southern Europe,"Italian,Latin","41.9,12.45",ITA,0.44,ğŸ‡»ğŸ‡¦,"Vatican,Vatican,Vaticane,Vatican","+3906698,+379"
"Saint Vincent and the Grenadines,Saint Vincent and the Grenadines,Saint Vincent and the Grenadines,Saint Vincent and the Grenadines",officially-assigned,XCD,Kingstown,Americas,Caribbean,English,"13.25,-61.2",,389,ğŸ‡»ğŸ‡¨,"Saint Vincentian,Saint Vincentian,Vincentaise,Vincentais",1784
"Venezuela,Bolivarian Republic of Venezuela,RepÃºblica Bolivariana de Venezuela,Venezuela",officially-assigned,VES,Caracas,Americas,South America,Spanish,"8,-66","BRA,COL,GUY",916445,ğŸ‡»ğŸ‡ª,"Venezuelan,Venezuelan,VÃ©nÃ©zuÃ©lienne,VÃ©nÃ©zuÃ©lien",58
"British Virgin Islands,Virgin Islands,Virgin Islands,British Virgin Islands",officially-assigned,USD,Road Town,Americas,Caribbean,English,"18.431383,-64.62305",,151,ğŸ‡»ğŸ‡¬,"Virgin Islander,Virgin Islander,",1284
"United States Virgin Islands,Virgin Islands of the United States,Virgin Islands of the United States,United States Virgin Islands",officially-assigned,USD,Charlotte Amalie,Americas,Caribbean,English,"18.35,-64.933333",,347,ğŸ‡»ğŸ‡®,"Virgin Islander,Virgin Islander,",1340
"Vietnam,Socialist Republic of Vietnam,Cá»™ng hÃ²a xÃ£ há»™i chá»§ nghÄ©a Viá»‡t Nam,Viá»‡t Nam",officially-assigned,VND,Hanoi,Asia,South-Eastern Asia,Vietnamese,"16.16666666,107.83333333","KHM,CHN,LAO",331212,ğŸ‡»ğŸ‡³,"Vietnamese,Vietnamese,Vietnamienne,Vietnamien",84
"Vanuatu,Republic of Vanuatu,Ripablik blong Vanuatu,Vanuatu,Republic of Vanuatu,Vanuatu,RÃ©publique de Vanuatu,Vanuatu",officially-assigned,VUV,Port Vila,Oceania,Melanesia,"Bislama,English,French","-16,167",,12189,ğŸ‡»ğŸ‡º,"Ni-Vanuatu,Ni-Vanuatu,Vanuatuane,Vanuatuan",678
"Wallis and Futuna,Territory of the Wallis and Futuna Islands,Territoire des Ã®les Wallis et Futuna,Wallis et Futuna",officially-assigned,XPF,Mata-Utu,Oceania,Polynesia,French,"-13.3,-176.2",,142,ğŸ‡¼ğŸ‡«,"Wallis and Futuna Islander,Wallis and Futuna Islander,",681
"Samoa,Independent State of Samoa,Independent State of Samoa,Samoa,Malo SaÊ»oloto TutoÊ»atasi o SÄmoa,SÄmoa",officially-assigned,WST,Apia,Oceania,Polynesia,"English,Samoan","-13.58333333,-172.33333333",,2842,ğŸ‡¼ğŸ‡¸,"Samoan,Samoan,Samoane,Samoan",685
"Yemen,Republic of Yemen,Ø§Ù„Ø¬Ù…Ù‡ÙˆØ±ÙŠØ© Ø§Ù„ÙŠÙ…Ù†ÙŠØ©,Ø§Ù„ÙŠÙÙ…ÙÙ†",officially-assigned,YER,Sana'a,Asia,Western Asia,Arabic,"15,48","OMN,SAU",527968,ğŸ‡¾ğŸ‡ª,"Yemeni,Yemeni,YÃ©mÃ©nite,YÃ©mÃ©nite",967
"South Africa,Republic of South Africa,Republiek van Suid-Afrika,South Africa,Republic of South Africa,South Africa,IRiphabliki yeSewula Afrika,Sewula Afrika,Rephaboliki ya Afrika-Borwa ,Afrika-Borwa,Rephaboliki ya Afrika Borwa,Afrika Borwa,IRiphabhulikhi yeNingizimu Afrika,Ningizimu Afrika,Rephaboliki ya Aforika Borwa,Aforika Borwa,Riphabliki ra Afrika Dzonga,Afrika Dzonga,Riphabuá¸½iki ya Afurika Tshipembe,Afurika Tshipembe,IRiphabliki yaseMzantsi Afrika,Mzantsi Afrika,IRiphabliki yaseNingizimu Afrika,Ningizimu Afrika",officially-assigned,ZAR,"Pretoria,Bloemfontein,Cape Town",Africa,Southern Africa,"Afrikaans,English,Southern Ndebele,Northern Sotho,Southern Sotho,Swazi,Tswana,Tsonga,Venda,Xhosa,Zulu","-29,24","BWA,LSO,MOZ,NAM,SWZ,ZWE",1221037,ğŸ‡¿ğŸ‡¦,"South African,South African,Sud-africaine,Sud-africain",27
"Zambia,Republic of Zambia,Republic of Zambia,Zambia",officially-assigned,ZMW,Lusaka,Africa,Eastern Africa,English,"-15,30","AGO,BWA,COD,MWI,MOZ,NAM,TZA,ZWE",752612,ğŸ‡¿ğŸ‡²,"Zambian,Zambian,Zambienne,Zambien",260
"Zimbabwe,Republic of Zimbabwe,Republic of Zimbabwe,Zimbabwe,Republic of Zimbabwe,Zimbabwe,Republic of Zimbabwe,Zimbabwe,Republic of Zimbabwe,Zimbabwe,Republic of Zimbabwe,Zimbabwe,Republic of Zimbabwe,Zimbabwe,Republic of Zimbabwe,Zimbabwe,Republic of Zimbabwe,Zimbabwe,Republic of Zimbabwe,Zimbabwe,Republic of Zimbabwe,Zimbabwe,Republic of Zimbabwe,Zimbabwe,Republic of Zimbabwe,Zimbabwe,Republic of Zimbabwe,Zimbabwe,Republic of Zimbabwe,Zimbabwe,Republic of Zimbabwe,Zimbabwe",officially-assigned,"BWP,CNY,EUR,GBP,INR,JPY,USD,ZAR,ZWB",Harare,Africa,Eastern Africa,"Chibarwe,English,Kalanga,Khoisan,Ndau,Northern Ndebele,Chewa,Shona,Sotho,Tonga,Tswana,Tsonga,Venda,Xhosa,Zimbabwean Sign Language","-20,30","BWA,MOZ,ZAF,ZMB",390757,ğŸ‡¿ğŸ‡¼,"Zimbabwean,Zimbabwean,ZimbabwÃ©enne,ZimbabwÃ©en",263