content.pair_id,content.similarity,content.url1,content.url2,content.title1,content.title2,real_lang1,real_lang2,GEO,ENT,TIME,NAR,OVERALL,STYLE,TONE,FRAME
1563292041_1563773514,2.5,http://www.xinhuanet.com/world/2020-03/30/c_1125790629.htm,http://www.xinhuanet.com/world/2020-03/31/c_1125793382.htm,中国抗疫医疗专家组抵达委内瑞拉,委内瑞拉政府感谢中国派遣抗疫医疗专家组,zh,zh,Very Similar,Very Similar,Very Similar,Somewhat Similar,Somewhat Similar,Somewhat Similar,Somewhat Dissimilar,Somewhat Dissimilar
1629143239_1629143215,3,https://www.inform.kz/cn/7500_a3659167,https://www.inform.kz/cn/7557_a3659288,新冠肺炎：全国近7500名冠病患者已治愈出院,哈萨克斯坦新冠肺炎累计治愈病例达7557例,zh,zh,Very Similar,Very Similar,Very Similar,Very Similar,Somewhat Similar,Somewhat Similar,Very Similar,Somewhat Similar
1567282843_1566725179,2.5,http://www.xinhuanet.com/local/2020-04/03/c_1125809587.htm,http://www.xinhuanet.com/politics/2020-04/02/c_1125807150.htm,北京：地铁车窗秒变信息屏,北京“首都智慧地铁”：能识别车厢内乘客是否戴口罩,zh,zh,Very Similar,Very Similar,Very Similar,Somewhat Dissimilar,Very Dissimilar,Somewhat Similar,Somewhat Similar,Very Dissimilar
1511338166_1511777869,2.5,http://www.xinhuanet.com/local/2020-02/01/c_1125520270.htm,http://www.xinhuanet.com/local/2020-02/02/c_1125523487.htm,湖北省红十字会回应捐赠物资分配情况：查找管理问题依纪依规追责,湖北：集中隔离所有新型冠状病毒感染的肺炎疑似病例,zh,zh,Very Similar,Somewhat Dissimilar,Very Similar,Somewhat Dissimilar,Very Dissimilar,Somewhat Similar,Somewhat Dissimilar,Very Dissimilar
1610998808_1610848271,2.5,http://www.xinhuanet.com/politics/2020-05/19/c_1126006846.htm,http://www.xinhuanet.com/world/2020-05/19/c_1126006580.htm,中孟执政党举行抗疫治理经验视频交流会,中联部致函外国政党介绍中国复工复产做法和成效,zh,zh,Somewhat Dissimilar,Somewhat Similar,Very Similar,Somewhat Dissimilar,Very Dissimilar,Somewhat Dissimilar,Somewhat Similar,Very Dissimilar
1551294727_1553503731,2,http://www.westca.com/pda/news/op=view/sid=762429/app=rss/lang=schinese.html,http://www.westca.com/pda/news/op=view/sid=762797/app=rss/lang=schinese.html,热帖 造谣可耻但造美国的谣光荣?,川普防疫笔记 划掉冠状病毒改中国,zh,zh,Very Dissimilar,Very Dissimilar,Very Similar,Somewhat Dissimilar,Very Dissimilar,Somewhat Dissimilar,Very Dissimilar,Very Dissimilar
1636383326_1633433511,2.5,http://www.xinhuanet.com/world/2020-06/16/c_1126122474.htm,http://politics.people.com.cn/n1/2020/0613/c1024-31745354.html,习近平同厄瓜多尔总统莫雷诺通电话,习近平向布隆迪当选总统恩达伊施米耶致唁电,zh,zh,Very Dissimilar,Somewhat Similar,Very Similar,Somewhat Dissimilar,Very Dissimilar,Somewhat Dissimilar,Somewhat Similar,Somewhat Dissimilar
1528722947_1528674333,2.5,https://www.inform.kz/cn/556_a3617646,http://www.xinhuanet.com/politics/2020-02/23/c_1125613667.htm,韩国累计确诊感染者达到556人,截至2月22日24时新型冠状病毒肺炎疫情最新情况,zh,zh,Very Dissimilar,Very Dissimilar,Very Similar,Very Dissimilar,Very Dissimilar,Very Dissimilar,Very Dissimilar,Very Dissimilar
1490770430_1491023961,2.5,http://twitchy.com/sarah-313035/2020/01/09/the-dumbest-attempt-at-journalism-ive-seen-in-2020-wapo-firefighter-busts-gop-rep-elise-stefanik-for-tweeting-altered-photo-of-pelosi/,http://www.dailykos.com/stories/1910417,'The dumbest attempt at journalism I've seen in 2020 so far': WaPo firefighter busts GOP Rep. Elise Stefanik for tweeting 'altered photo of Pelosi',Elise Stefanik vies for the lead in the Republican race to be the most vile partisan of all,en,en,Very Similar,Very Similar,Very Similar,Somewhat Similar,Somewhat Similar,Somewhat Similar,Very Similar,Very Dissimilar
1540982295_1540897936,2.5,http://theweek.com/speedreads/900662/south-by-southwest-canceled-amid-coronavirus-concerns,http://dailycaller.com/2020/03/06/hachette-cancels-woody-allen-memoir/,South by Southwest canceled amid coronavirus concerns,Hachette Cancels Woody Allen Memoir Following Walkout Protests,en,en,Somewhat Similar,Very Dissimilar,Very Similar,Very Dissimilar,Very Dissimilar,Very Similar,Very Similar,Other
1529970585_1529891135,2.5,http://dailycaller.com/2020/02/24/meghan-mccain-double-standard-russia-trump-sanders/,http://www.rawstory.com/2020/02/the-views-meghan-mccain-attacks-co-hosts-for-not-talking-about-bernie-sanders-and-russia-when-reports-werent-even-out/,‘Why Are We Not Talking About That?’: Meghan McCain Blasts Double Standard For Trump And Sanders On Russia,The View’s Meghan McCain attacks co-hosts for not talking about Bernie Sanders and Russia — when reports weren’t even out,en,en,Very Similar,Very Similar,Very Similar,Very Similar,Very Similar,Very Similar,Very Similar,Somewhat Dissimilar
1496010789_1496308289,2.5,http://www.haaretz.com/world-news/wires/1.8405828,http://www.dailytelegraph.com.au/news/breaking-news/three-african-nations-agree-on-nile-dam/news-story/00466f744618326c9b9cf297f8edc676,"UPDATE 2-Egypt, Ethiopia, Sudan to finalize Blue Nile dam agreement this month",Three African nations agree on Nile dam,en,en,Other,Other,Other,Other,Other,Other,Other,Other
1594362568_1594231867,3.5,http://theweek.com/speedreads/912148/madonna-announces-breathe-covid19-air-after-testing-positive-antibodies,http://dailycaller.com/2020/05/01/joe-biden-written-statement-denies-allegation-tara-reade-sexual-assault-accusation/,Madonna announces she's off to 'breathe in the COVID-19 air' after testing positive for antibodies,"Biden Finally Responds To Sexual Assault Allegations Minutes Before MSNBC Interview, Calls For National Archives Review",en,en,Very Similar,Very Dissimilar,Very Similar,Very Dissimilar,Very Dissimilar,Very Similar,Very Similar,Other
1544457975_1544518416,3,http://theweek.com/speedreads/901322/biden-extends-olive-branch-sanders-supporters-after-michigan-win-says-theyll-defeat-trump-together,http://www.newsbusters.org/blogs/nb/nicholas-fondacaro/2020/03/11/paid-cnn-employee-endorses-joe-biden-air-urges-bernie-bros,"Biden extends olive branch to Sanders supporters after Michigan win, says they'll defeat Trump 'together'","Paid CNN Employee Endorses Joe Biden On-Air, Urges Bernie Bros to Join Him",en,en,Very Similar,Somewhat Similar,Very Similar,Somewhat Dissimilar,Somewhat Dissimilar,Very Similar,Very Similar,Somewhat Dissimilar
1519419834_1518670104,2.5,http://www.vox.com/2020/2/12/21134430/elizabeth-warren-nevada-super-tuesday,http://freebeacon.com/politics/bernie-wins-new-hampshire/,Elizabeth Warren isn’t done yet,"RED SCARE: Bernie Sanders Wins New Hampshire, Takes Command of Democratic Party",en,en,Very Similar,Very Similar,Very Similar,Somewhat Similar,Somewhat Similar,Very Similar,Very Similar,Somewhat Similar
1582942384_1582901007,3,http://ijr.org/trump-slams-fox-news-after-pelosi-appears-on-network/,http://crooksandliars.com/2020/04/trump-lashes-out-dumb-person-nancy-pelosi,Trump Slams Fox News After Pelosi Appears on Network,Trump Lashes Out At 'Dumb Person' Nancy Pelosi After She Calls Him A 'Weak Leader' On Fox,en,en,Very Similar,Very Similar,Very Similar,Very Similar,Very Similar,Very Similar,Very Similar,Very Similar
1569547941_1569598761,2.5,http://talkingpointsmemo.com/news/surgeon-general-jerome-adams-pearl-harbor-911-moment,http://dailycaller.com/2020/04/05/jerome-adams-coronavirus-pearl-harbor-moment/,Surgeon General: COVID-19 Cases Next Week Will Be &#8216;Our Pearl Harbor Moment&#8217;,Jerome Adams Predicts Coronavirus ‘Pearl Harbor Moment’ In Coming Weeks,en,en,Very Similar,Very Similar,Very Similar,Very Similar,Very Similar,Very Similar,Very Similar,Very Similar
1488164643_1487668726,2.5,http://ijr.com/obama-advisor-voting-trump-dangerous-national-security/,http://talkingpointsmemo.com/news/pelosi-tells-dems-shell-hold-a-vote-to-limit-trumps-war-powers-in-iran,Obama&#8217;s Deputy National Security Advisor: Voting for Trump Is Dangerous to National Security,Pelosi Tells Dems She&#8217;ll Hold A Vote To Limit Trump&#8217;s War Powers In Iran,en,en,Very Similar,Somewhat Similar,Very Similar,Somewhat Similar,Somewhat Similar,Somewhat Similar,Very Similar,Very Similar
1502977943_1499166301,2.5,http://www.nationalmemo.com/lindsey-grahams-most-compelling-arguments-for-impeachment/,http://twitchy.com/jacob-38/2020/01/19/i-want-this-trial-to-get-over-with-lindsey-graham-says-if-one-witness-is-called-all-of-them-are-gonna-get-called/,Lindsey Graham’s Most Compelling Arguments &#8212; For Impeachment,"'I want this trial to get over with': Lindsey Graham says if one witness is called, ALL of them are gonna get called",en,en,Very Similar,Very Similar,Very Similar,Very Similar,Very Similar,Somewhat Dissimilar,Very Similar,Very Similar
1485744531_1488968922,2.5,http://gizmodo.com/no-graffiti-did-not-appear-overnight-in-iran-thanking-1840789932,http://twitchy.com/brett-3136/2020/01/07/foreign-policy-although-americans-painted-soleimani-as-a-hard-liner-he-was-really-an-apolitical-patriot/,"No, Graffiti Did Not Appear Overnight in Iran Thanking President Trump","Foreign Policy: Although Americans painted Soleimani as a hard-liner, he was really an apolitical patriot",en,en,Very Similar,Somewhat Similar,Very Dissimilar,Somewhat Similar,Somewhat Similar,Somewhat Dissimilar,Very Similar,Very Dissimilar
1493611329_1495106078,2.5,http://www.haaretz.com/world-news/wires/1.8385791,http://torontosun.com/opinion/columnists/gunter-the-downing-of-the-plane-was-irans-fault-despite-what-woke-ceos-say,WRAPUP 3-'Clerics get lost!': Iran protests rage on over plane disaster,"GUNTER: The downing of the plane was Iran&#8217;s fault, despite what woke CEOs say",en,en,Very Similar,Somewhat Similar,Very Similar,Somewhat Similar,Somewhat Similar,Somewhat Similar,Very Similar,Somewhat Similar
1554329027_1553127635,2.5,http://www.mediaite.com/news/as-whereisjoe-trends-on-twitter-biden-emerges-to-blast-trump-behind-the-curve-on-coronavirus-response/,http://ijr.com/tulsi-gabbard-ends-2020-bid/,"As #WhereIsJoe Trends on Twitter, Biden Emerges to Blast Trump: ‘Behind the Curve’ on Coronavirus Response","Biden or Sanders? Tulsi Gabbard Ends 2020 Bid, Leaving Dem Primary to Two-Way Race",en,en,Very Similar,Somewhat Similar,Very Similar,Very Dissimilar,Somewhat Dissimilar,Somewhat Similar,Very Similar,Very Dissimilar
1588254917_1587945098,2.5,http://www.thesun.co.uk/news/11477209/trump-coronavirus-press-briefing-less-appearances-abrupt-exit/,http://www.towleroad.com/2020/04/lysol-disinfectant-dontdrinkbleach-trend-after-trumps-insane-remarks/,Trump ‘plans to cut length of coronavirus briefings and appear less regularly’ as he abruptly leaves conference,"Lysol, #Disinfectant, #DontDrinkBleach Trend After Trump’s Insane Remarks",en,en,Very Similar,Somewhat Similar,Very Similar,Somewhat Similar,Somewhat Similar,Somewhat Similar,Very Similar,Very Similar
1546548329_1549167900,2.5,http://dailycaller.com/2020/03/12/disneyland-california-coronavirus-pandemic/,http://www.thedailybeast.com/disneyland-will-close-amid-coronavirus-but-continue-paying-cast-members,Disneyland Closes Down Amid Coronavirus Pandemic,Disneyland Will Close Amid Coronavirus but Continue Paying Cast Members,en,en,Very Similar,Very Similar,Very Similar,Very Similar,Very Similar,Somewhat Similar,Very Similar,Very Similar
1488034103_1488003718,2.5,http://www.mediaite.com/online/st-show-mistaken-release-of-letter-announcing-withdrawal-from-iraq-triggers-mass-confusion-panic/,http://dailycaller.com/2020/01/06/us-iraq-iran-soleimani-military/,"&#8216;S**t Show&#8217;: Mistaken Release of Letter Announcing Withdrawal from Iraq Triggers Mass Confusion, Panic",U.S. Military Tells Iraq They Are Preparing To Move Out,en,en,Very Similar,Somewhat Similar,Very Similar,Very Similar,Very Similar,Somewhat Similar,Very Similar,Very Similar
1619412629_1619483855,2.5,http://www.thesun.co.uk/news/11733339/george-floyd-death-police-riots-minneapolis-aftermath/,http://thegrio.com/2020/05/28/minnesota-governor-activates-national-guard/,George Floyd – Stark photographs show scale of damage done in wild riots during night of protesting,Minnesota governor activates National Guard as protests continue,en,en,Very Similar,Somewhat Similar,Very Similar,Somewhat Similar,Somewhat Similar,Very Similar,Very Similar,Somewhat Similar
1550103027_1550468283,2.5,http://www.thesun.co.uk/tvandshowbiz/11187458/susanna-reid-self-isolation-coronavirus/,http://www.dailyrecord.co.uk/entertainment/celebrity/gmb-presenter-susanna-reid-self-21705202,Susanna Reid puts herself in self-isolation due to coronavirus symptoms in her household,GMB presenter Susanna Reid in self-isolation for two weeks,en,en,Very Similar,Very Similar,Very Similar,Very Similar,Very Similar,Very Similar,Very Similar,Very Similar
1485987201_1488892712,2.5,http://secondnexus.com/yingst-pompeo-soleimani-assassination-de-escalation,http://freebeacon.com/national-security/pompeo-trump-admin-ready-to-launch-more-strikes-on-iran/,Fox News Reporter Calls BS On Trump Admin's Claim That Assassination of Soleimani Was an Act of 'De-Escalation',Pompeo: Trump Admin Ready to Launch More Strikes on Iran,en,en,Very Similar,Somewhat Similar,Very Similar,Somewhat Similar,Somewhat Similar,Very Similar,Very Similar,Somewhat Dissimilar
1561757567_1560956009,2.5,http://dailycaller.com/2020/03/28/thomas-massie-coronavirus-relief-bill/,http://www.dailykos.com/stories/1931810,Rep. Thomas Massie Speaks Out: ‘They Don’t Want To Hear The Truth’,"Defeating Republican stunt, House passes $2 trillion in coronavirus stimulus",en,en,Very Similar,Very Similar,Very Similar,Somewhat Similar,Somewhat Similar,Very Similar,Very Similar,Very Dissimilar
1615979893_1615962304,2.5,http://www.rawstory.com/2020/05/combative-netanyahu-attacks-fabricated-graft-charges-as-trial-begins/,http://www.hurriyetdailynews.com/israels-netanyahu-attacks-justice-system-as-trial-begins-155046,Combative Netanyahu attacks ‘fabricated’ graft charges as trial begins,Israel's Netanyahu attacks justice system as trial begins,en,en,Very Similar,Very Similar,Very Similar,Very Similar,Very Similar,Very Similar,Very Similar,Very Similar
1626130557_1562562931,2.5,http://hillreporter.com/trump-furious-and-potentially-ready-to-openly-defy-anthony-fauci-62444,http://hotair.com/archives/ed-morrissey/2020/03/29/trump-thirty-days-federal-stay-home-guidelines/,Trump 'Furious' And Potentially Ready To Openly Defy Anthony Fauci,"<span class=""red"">Trump: Thirty more days of federal stay-at-home guidelines</span>",en,en,Very Similar,Somewhat Similar,Very Similar,Somewhat Dissimilar,Somewhat Dissimilar,Somewhat Dissimilar,Very Similar,Very Similar
1509524314_1507482082,2.5,http://americanindependent.com/jared-kushner-middle-east-peace-plan-israel-palestine-cnn/,http://dailycaller.com/2020/01/28/trump-netanyahu-israel-palestinian-peace-deal/,Jared Kushner says his Middle East peace plan works if you forget all of history,"Trump, Netanyahu Propose Israel-Palestinian Peace Deal",en,en,Very Similar,Very Similar,Very Similar,Very Similar,Very Similar,Very Similar,Very Similar,Very Dissimilar
1531995022_1532004752,2.5,http://ijr.com/native-americans-warren-disavow-heritage-claims/,http://americanindependent.com/elizabeth-warren-native-american-ancestry-retraction-cherokee-nation-tribal-citizenship/,Native Americans Press Warren to Disavow Controversial Heritage Claims,Warren responds to concerns from Native American groups about her ancestry,en,en,Very Similar,Somewhat Similar,Very Similar,Very Similar,Very Similar,Very Similar,Very Similar,Very Similar
1607249026_1561919415,2.5,http://politicaldig.com/cdc-issues-travel-advisory-for-three-states-after-trump-request-report,http://dailycaller.com/2020/03/28/trump-quarantine-will-not-be-necessary-instead-directs-cdc-to-issue-strong-travel-advisory/,CDC Issues Travel Advisory For Three States After Trump Request: Report,"Trump: ‘Quarantine Will Not Be Necessary,’ Instead Directs CDC To Issue ‘Strong’ Travel Advisory",en,en,Very Similar,Very Similar,Very Similar,Very Similar,Very Similar,Somewhat Similar,Very Similar,Very Similar
1554224868_1554249842,3.5,http://dailycaller.com/2020/03/20/trump-nbc-peter-alexander-questions-coronavirus/,http://talkingpointsmemo.com/news/trump-reporter-coronavirus-press-briefing,‘You’re A Terrible Reporter’: Trump Flips Out At NBC Reporter’s Questions,Trump Snaps At Reporter When Asked To Give A Message To Scared Americans,en,en,Very Similar,Very Similar,Very Similar,Very Similar,Very Similar,Somewhat Similar,Very Similar,Very Similar
1554224868_1554249842,3.5,http://dailycaller.com/2020/03/20/trump-nbc-peter-alexander-questions-coronavirus/,http://talkingpointsmemo.com/news/trump-reporter-coronavirus-press-briefing,‘You’re A Terrible Reporter’: Trump Flips Out At NBC Reporter’s Questions,Trump Snaps At Reporter When Asked To Give A Message To Scared Americans,en,en,Very Similar,Very Similar,Very Similar,Very Similar,Very Similar,Somewhat Similar,Very Similar,Very Similar
1593544749_1593630545,3,http://www.rawstory.com/2020/04/watch-gun-toting-michigan-protesters-pack-into-statehouse-to-scream-in-one-anothers-faces/,http://hotair.com/archives/ed-morrissey/2020/04/30/trump-acosta-sure-hope-cnn-will-cover-fbi-dirty-cops-flynn/,WATCH: Gun-toting Michigan protesters pack into statehouse to scream in one another’s faces,"Trump to Acosta: I sure hope CNN will cover what these FBI ""dirty cops"" did to Flynn",en,en,Somewhat Dissimilar,Somewhat Similar,Very Similar,Very Dissimilar,Somewhat Dissimilar,Somewhat Similar,Very Similar,Other
1521481259_1521669888,2.5,http://www.haaretz.com/world-news/wires/1.8533422,http://amgreatness.com/2020/02/14/doj-assigns-u-s-attorney-to-review-fbis-ambush-interview-of-general-flynn/,Attorney General Barr taps outside prosecutor to review case against ex-Trump adviser Michael Flynn,DOJ Assigns U.S. Attorney to Review FBI&#8217;s Ambush Interview of General Flynn,en,en,Very Similar,Very Similar,Very Similar,Very Similar,Very Similar,Very Similar,Very Similar,Very Similar
1556398011_1556271605,2.5,http://www.dailyrecord.co.uk/entertainment/celebrity/loose-women-fans-outraged-old-21739235,http://www.telegraph.co.uk/tv/0/itv-cancels-live-loose-woman-lorraine-reducing-soaps/,Loose Women fans left confused old episodes are aired,ITV cancels live Loose Woman and Lorraine while reducing soaps,en,en,Other,Other,Other,Other,Other,Other,Other,Other
1589784149_1571712863,3,http://www.aa.com.tr/en/latest-on-coronavirus-outbreak/turkeys-death-toll-from-coronavirus-rises-to-908/1799015,http://www.middleeastmonitor.com/20200407-turkey-death-toll-from-coronavirus-rises-to-725/,Turkey's death toll from coronavirus rises to 908,Turkey: Death toll from coronavirus rises to 725,en,en,Very Similar,Very Similar,Very Similar,Somewhat Similar,Somewhat Similar,Very Similar,Very Similar,Very Similar
1545384829_1545231687,2.5,http://slate.com/news-and-politics/2020/03/bernie-sanders-begins-final-phase-of-his-presidential-campaign.html?via=rss,http://www.christianheadlines.com/contributors/michael-foust/biden-wins-again-thanks-to-democrats-believing-he-can-beat-trump-exit-polls-show.html,"Bernie Sanders Is Still in the Race, but the Revolution Is Out","Biden Wins Again Thanks to Democrats Believing He Can Beat Trump, Exit Polls Show",en,en,Very Similar,Very Similar,Very Similar,Somewhat Similar,Somewhat Similar,Very Similar,Very Similar,Somewhat Dissimilar
1626006374_1626545048,2.5,http://ijr.org/minnesota-attorney-son-dismantling-minneapolis-police-department/,http://theweek.com/10things/918389/10-things-need-know-today-june-5-2020,Minnesota Attorney General’s Son Calls for the Dismantling of the Minneapolis Police Department,"10 things you need to know today: June 5, 2020",en,en,Somewhat Similar,Somewhat Dissimilar,Very Similar,Somewhat Dissimilar,Somewhat Dissimilar,Very Dissimilar,Very Similar,Other
1573645701_1572561952,2.5,http://ijr.com/mnuchin-us-could-reopen-may/,http://www.rawstory.com/2020/04/us-democrats-seek-billions-more-for-hospitals-states-to-fight-virus/,Steven Mnuchin Says the US Could Reopen by May if Trump ‘Feels Comfortable’,"US Democrats seek billions more for hospitals, states to fight virus",en,en,Very Similar,Somewhat Similar,Very Similar,Somewhat Dissimilar,Somewhat Dissimilar,Somewhat Similar,Very Similar,Very Dissimilar
1509243255_1508847203,2.5,http://www.dailytelegraph.com.au/business/work/european-parliament-votes-in-favour-of-boris-johnson-brexit-deal/news-story/b1ccef59ac0ee3ed67e1ecb5d8a9d970,http://www.rawstory.com/2020/01/brexit-sealed-with-final-brussels-vote/,Britain to leave EU on Friday,Brexit sealed with final Brussels vote,en,en,Very Similar,Somewhat Similar,Very Similar,Somewhat Similar,Somewhat Similar,Very Similar,Very Similar,Very Similar
1489992846_1489755374,2.5,http://www.newyorker.com/news/our-columnists/one-speech-cant-clean-up-trumps-iran-mess,http://dailycaller.com/2020/01/08/trump-address-nation-iran-missiles-iraq-soleimani/,One Speech Can’t Clean Up Trump’s Iran Mess,Trump Offers Iran A Chance For Peace After Country Launches Missiles At US Bases In Iraq,en,en,Very Similar,Somewhat Similar,Very Similar,Somewhat Similar,Somewhat Similar,Somewhat Dissimilar,Somewhat Dissimilar,Very Similar
1572638724_1574001504,3,http://ijr.com/bernie-sanders-drops-out-joe-biden/,http://www.nationalmemo.com/ending-campaign-sanders-pledges-to-stand-united-with-biden,Biden Praises Bernie Sanders After He Drops Out: ‘He’s Created a Movement’,"Ending Campaign, Sanders Pledges To ‘Stand United’ With Biden",en,en,Very Similar,Very Similar,Very Similar,Very Similar,Very Similar,Somewhat Dissimilar,Very Similar,Very Similar
1555254186_1555780534,2.5,http://hotair.com/archives/john-s-2/2020/03/21/joe-biden-plans-offer-coronavirus-shadow-briefings-starting-next-week/,http://www.dailykos.com/stories/1930020,Joe Biden to offer regular coronavirus shadow-briefings starting next week,"Her presidential bid is over, yet it's Warren who dominates the airwaves on Covid-19",en,en,Very Similar,Somewhat Dissimilar,Very Similar,Very Dissimilar,Somewhat Dissimilar,Somewhat Dissimilar,Very Similar,Other
1595901130_1595945541,2.5,http://ijr.org/fda-commissioner-mitigation-not-work-as-well-expected/,http://crooksandliars.com/2020/05/former-fda-chief-says-1000-deaths-day-new,Former FDA Commissioner Says Coronavirus Mitigation Did Not Work ‘as Well as We Expected’,"Former FDA Chief Says 1,000 Deaths A Day Is The 'New Normal' Because Trump Plan 'Didn't Work'",en,en,Very Similar,Very Similar,Very Similar,Somewhat Similar,Somewhat Similar,Very Similar,Very Similar,Very Similar
1547492154_1546202339,3,http://www.theroot.com/everybody-hates-rudy-gobert-1842314122,http://dailycaller.com/2020/03/12/utah-jazz-donavan-mitchell-coronavirus/,Everybody Hates Rudy Gobert,Utah Jazz Star Donavan Mitchell Reportedly Tests Positive For Coronavirus,en,en,Other,Other,Other,Other,Other,Other,Other,Other
1488190716_1488229249,2.5,http://www.mediaite.com/tv/laura-ingraham-trump-shouldnt-listen-to-same-people-who-got-us-sucked-into-iraq-in-the-first-place/,http://grabien.com/story.php?id=267415,Laura Ingraham: Trump Shouldn’t Listen to &#8216;Same People Who Got Us Sucked Into Iraq in the First Place&#8217;,Fox’s Ingraham on Soleiman Kill: Trump’s a Realist,en,en,Very Similar,Very Similar,Very Similar,Very Similar,Very Similar,Very Similar,Very Similar,Very Similar
1586198353_1586941795,2.5,http://www.mediaite.com/tv/cdc-chief-addresses-interview-after-trump-remarks-im-accurately-quoted-in-report-but-the-headline-was-inappropriate/,http://ijr.org/cdc-head-tries-clarify-remarks-second-coronavirus-wave/,CDC Chief Addresses Interview After Trump Remarks: I’m Accurately Quoted in Report ‘But the Headline Was Inappropriate’,CDC Head Tries to Clarify Remarks About a Second Coronavirus Wave After Trump Pushes Back,en,en,Very Similar,Somewhat Similar,Very Similar,Very Similar,Very Similar,Very Similar,Very Similar,Very Similar
1577633777_1598106396,2.5,http://ijr.com/trump-criticism-coronavirus-briefing/,http://www.rawstory.com/2020/04/cnn-reporter-flat-out-contradicts-trump-to-his-face-when-he-claims-king-like-authority/,‘The Biggest Meltdown I’ve Ever Seen’: Trump Draws Harsh Criticism Over Coronavirus Briefing,CNN reporter flat-out contradicts Trump to his face when he claims king-like authority,en,en,Very Similar,Very Similar,Very Similar,Very Similar,Very Similar,Very Similar,Very Similar,Very Similar
1519131344_1519107787,2.5,http://www.haaretz.com/world-news/wires/1.8527662,http://dailycaller.com/2020/02/12/pope-francis-married-priests-catholic-church/,"UPDATE 2-Upholding celibacy, Pope sidesteps bid to ordain some married men",Pope Francis Rejects Proposal To Allow Married Priests,en,en,Very Similar,Very Similar,Very Similar,Very Similar,Very Similar,Very Similar,Very Similar,Very Similar
1536627187_1546770686,2.5,http://www.rawstory.com/2020/03/watch-live-trump-takes-a-break-from-coronavirus-response-to-give-campaign-speech-in-north-carolina/,http://www.the-sun.com/news/484621/vote-democratic-primaries-super-tuesday/,WATCH LIVE: Trump takes a break from coronavirus response to give campaign speech in North Carolina,Who can vote today in the democratic primaries? Super Tuesday voting rules explained,en,en,Very Similar,Somewhat Similar,Very Similar,Somewhat Dissimilar,Somewhat Dissimilar,Very Similar,Very Similar,Very Similar
1501773561_1502287137,2.5,http://www.haaretz.com/world-news/wires/1.8435755,http://www.dailytelegraph.com.au/news/breaking-news/possible-saudi-link-to-bezos-hack-un/news-story/924ee949478824bac6bc2ad840345d9b,UPDATE 4-Saudi prince may have been involved in Bezos phone hacking - U.N. experts,Alleged Saudi hack of Amazon boss Bezos,en,en,Other,Other,Other,Other,Other,Other,Other,Other
1587861360_1587916586,2.5,http://dailycaller.com/2020/04/24/lysol-statement-donald-trump-disinfectant-injection-coronavirus-covid-19-reckitt-benckiser/,http://www.mediaite.com/news/white-house-tries-to-walk-back-trump-statement-on-injecting-disinfectant-hes-repeatedly-said-people-should-consult-with-doctors/,Lysol Manufacturer: ‘Under No Circumstance’ Should Disinfectants Be Used ‘Internally’ To Treat Coronavirus,White House Tries to Walk Back Trump Statement on Injecting Disinfectant: He’s Repeatedly Said People Should Consult With Doctors,en,en,Very Similar,Somewhat Similar,Very Similar,Very Similar,Very Similar,Very Similar,Very Similar,Very Dissimilar
1500448294_1502106883,2.5,http://www.thesun.co.uk/tvandshowbiz/10784700/jennifer-aniston-reveals-uncomfortable-way-she-stopped-sag-awards-dress-getting-ruined-ahead-of-brad-pitt-reunion/,http://www.cosmopolitan.com/entertainment/celebs/a30629857/brad-pitt-apologize-jennifer-aniston-messing-up-relationship/,Jennifer Aniston reveals uncomfortable way she stopped SAG Awards dress getting ruined ahead of Brad Pitt reunion,Brad Pitt Reportedly Apologized to Jennifer Aniston For Messing Up their Relationship,en,en,Other,Other,Other,Other,Other,Other,Other,Other
1606422305_1605637844,2.5,http://www.rawstory.com/2020/05/california-authorities-say-tesla-plant-could-reopen-next-week/,http://dailycaller.com/2020/05/13/elon-musk-california-tesla-economic-lockdowns/,California authorities say Tesla plant could reopen next week,California County Caves To Let Tesla Reopen After Musk Floated Moving The Plant To Texas,en,en,Very Similar,Very Similar,Very Similar,Very Similar,Very Similar,Very Similar,Very Similar,Somewhat Similar
1558630026_1559834613,2.5,http://www.towleroad.com/2020/03/chris-hayes-trump-easter/,http://www.gopusa.com/msnbc-mouthpiece-refuses-to-air-trump-comments-calling-him-a-genuine-threat-to-public-health/,Chris Hayes Blasts Trump’s Easter Coronavirus Timeline: ‘He’s a Genuine Threat to Public Health’ — WATCH,"MSNBC mouthpiece refuses to air Trump comments, calling him a ‘genuine threat to public health’",en,en,Very Similar,Very Similar,Very Similar,Very Similar,Very Similar,Very Similar,Very Similar,Very Similar
1511501683_1511597007,2.5,http://legalinsurrection.com/2020/02/is-nanny-bloomberg-the-latest-not-bernie-dnc-fave-dnc-changes-debate-threshold-opening-the-door-to-bloomberg/,http://talkingpointsmemo.com/news/dem-candidates-angry-with-dnc-over-new-debate-rules-that-favor-bloomberg,"Is Nanny Bloomberg the Latest &#8220;Not Bernie&#8221; DNC Fave? DNC Changes Debate Threshold, Opening the Door to Bloomberg",Dem Candidates Angry With DNC Over New Debate Rules That Favor Bloomberg,en,en,Very Similar,Very Similar,Very Similar,Somewhat Similar,Somewhat Similar,Very Similar,Very Similar,Very Similar
1513624082_1574562466,2.5,http://boingboing.net/2020/02/05/romney-to-vote-in-favor-of-art.html,http://dailycaller.com/2020/02/05/donald-trump-jr-mitt-romney-expelled-gop/,Romney to vote in favor of article of Trump impeachment on abuse of power,Donald Trump Jr. Calls For Mitt Romney To Be Expelled From GOP,en,en,Very Similar,Somewhat Similar,Very Similar,Somewhat Similar,Somewhat Similar,Very Similar,Very Similar,Very Dissimilar
1564470598_1547962439,2.5,http://hotair.com/headlines/archives/2020/03/fda-forcing-cdc-waste-time-double-testing-coronavirus-cases/,http://www.truthdig.com/articles/the-fda-is-forcing-the-cdc-to-waste-time-double-testing-some-coronavirus-cases/,The FDA is forcing the CDC to waste time double testing some coronavirus cases – HotAir,The FDA Is Forcing the CDC to Waste Time Double Testing Some Coronavirus Cases,en,en,Very Similar,Very Similar,Very Similar,Very Similar,Very Similar,Very Similar,Very Similar,Very Similar
1503175926_1503149844,2.5,http://www.dailytelegraph.com.au/news/breaking-news/trump-to-discuss-peace-plan-with-israel/news-story/1dcf82c386cc96e33070f7126219722a,http://www.haaretz.com/israel-news/.premium-the-real-deal-of-the-century-is-peace-between-netanyahu-and-gantz-1.8440197,Trump to discuss peace plan with Israel,The real 'Deal of the Century' is peace between Netanyahu and Gantz,en,en,Other,Other,Other,Other,Other,Other,Other,Other
1518241586_1577442449,3.5,http://www.thedailybeast.com/trump-says-us-killed-qassem-soleimani-to-stop-a-war,http://theconservativeopinion.com/breaking-video-trump-explains-why-he-ordered-the-strike-to-kill-soleimani/,Trump: U.S. Killed Qassem Soleimani to ‘Stop a War’,BREAKING VIDEO: Trump Explains Why He Ordered the Strike to Kill Soleimani,en,en,Very Similar,Very Similar,Very Similar,Very Similar,Very Similar,Very Similar,Very Similar,Very Similar
1610792477_1609486274,2.5,http://www.thesun.co.uk/news/11658084/surgeon-strangled-wife-death-body-pond/,http://lawandcrime.com/crazy/doctor-murdered-wife-once-threatened-her-with-scissors-and-said-he-was-king-of-this-castle-cops/,Surgeon ‘strangled his wife to death and dumped her body in a pond’ after she requested a restraining order,"Doctor Allegedly Murdered Wife, Once Menaced Her with Scissors and Said He Was ‘King of This Castle’",en,en,Very Similar,Very Similar,Very Similar,Very Similar,Very Similar,Very Similar,Very Similar,Very Similar
1571972142_1549161470,2.5,http://www.jacobinmag.com/2020/03/joe-biden-voting-rights-2020-election,http://www.weaselzippers.us/445531-bernie-bros-warn-of-a-mass-exodus-if-joe-biden-gets-the-democratic-presidential-nomination/,Joe Biden’s Commitment to Defending and Expanding Voting Rights Is Murky at Best,Bernie Bros Warn Of A ‘Mass Exodus’ If Joe Biden Gets The Democratic Presidential Nomination,en,en,Very Similar,Very Similar,Very Similar,Somewhat Dissimilar,Somewhat Similar,Very Similar,Very Similar,Somewhat Similar
1579484689_1577933148,2.5,http://www.aim.org/don-irvine-blog/obama-endorses-biden-forgets-about-liberal-media-backing-democrats/,http://www.thenewcivilrightsmovement.com/2020/04/watch-bernie-sanders-endorses-joe-biden-we-need-you-in-the-white-house/,"Obama endorses Biden, forgets about liberal media backing Democrats",Watch: Bernie Sanders Endorses Joe Biden – ‘We Need You in the White House’,en,en,Very Similar,Somewhat Similar,Very Similar,Somewhat Similar,Somewhat Similar,Very Similar,Very Similar,Very Dissimilar
1592259533_1591244876,2.5,http://crooksandliars.com/2020/04/trump-may-lose-portion-his-elderly-base-if,http://ijr.org/trump-dismisses-bidens-claim-delay-presidential-election/,Trump  May Lose A Portion Of His Elderly Base If He Continues To Ignore Their Pandemic Fears,Trump Dismisses Biden’s Claim He Might Try to Delay the Presidential Election,en,en,Very Similar,Very Similar,Very Similar,Somewhat Dissimilar,Somewhat Dissimilar,Very Similar,Very Similar,Somewhat Dissimilar
1488316048_1486633100,2.5,http://www.gopusa.com/tucker-carlson-blasts-neocons-who-celebrate-strike-on-soleimani-is-it-okay-to-bomb-china-and-mexico-too/,http://slate.com/news-and-politics/2020/01/watch-tucker-carlson-criticize-soleimani-killing-fox-news.html?via=rss,"Tucker Carlson blasts ‘neocons’ who celebrate strike on Soleimani; is it okay to bomb China and Mexico, too?",Watch Tucker Carlson Criticize Soleimani Killing: “Who’s Actually Benefiting From This?”,en,en,Very Similar,Very Similar,Very Similar,Very Similar,Very Similar,Very Similar,Very Similar,Very Similar
1592497098_1603015169,2.5,http://www.alternet.org/2020/04/new-information-comes-to-light-on-trumps-business-dealings-with-the-bank-of-china-politico/,http://amp.dailycaller.com/2020/04/25/politico-updated-article-claiming-donald-trump-owes-millions-bank-of-china?__twitter_impression=true,New information comes to light on Trump’s business dealings with the Bank of China: Politico,Politico Quietly Updates Article After Claiming Trump Currently ‘Owes’ Millions To Bank Of China - The Daily Caller,en,en,Very Similar,Somewhat Similar,Very Similar,Very Similar,Very Similar,Very Similar,Very Similar,Very Similar
1486685687_1487074224,2.5,http://www.haaretz.com/world-news/wires/1.8353678,http://ijr.com/trump-says-u-s-would-hit-52-iranian-sites-if-american-targets-attacked/,UPDATE 4-White House gives lawmakers formal notice of Iraq strike amid complaints from Democrats,Trump Says U.S. Would Hit 52 Iranian Sites If American Targets Attacked,en,en,Other,Other,Other,Other,Other,Other,Other,Other
1520400240_1518350100,3,http://truthout.org/articles/biden-has-raised-the-most-from-nevada-donors-but-sanders-leads-in-the-polls/,http://legalinsurrection.com/2020/02/biden-flees-new-hampshire-on-primary-day-for-south-carolina/,"Biden Has Raised the Most From Nevada Donors, But Sanders Leads in the Polls",Biden Flees New Hampshire on Primary Day for South Carolina,en,en,Very Similar,Somewhat Similar,Very Similar,Somewhat Similar,Somewhat Similar,Somewhat Similar,Very Similar,Very Similar
1518590728_1521417685,3,http://theweek.com/speedreads/895352/elizabeth-warren-didnt-waste-time-before-conceding-new-hampshire,http://dailycaller.com/2020/02/14/bernie-biden-polls-nevada/,Elizabeth Warren didn't waste time before conceding in New Hampshire,Poll: Bernie Sanders Leads Comfortably In Nevada,en,en,Very Similar,Very Similar,Very Similar,Somewhat Similar,Somewhat Similar,Very Similar,Very Similar,Somewhat Similar
1603849750_1602689395,2.5,http://www.politicususa.com/2020/05/11/larry-kudlow-calls-obamas-criticism-of-trump-so-darn-political.html,http://ijr.org/kudlow-fires-back-obamas-criticism-sounds-so-darn-political/,Larry Kudlow Calls Obama&#8217;s Criticism of Trump &#8220;So Darn Political&#8221;,Kudlow Fires Back at Obama’s Criticism of Coronavirus Response: ‘It Just Sounds so Darn Political’,en,en,Very Similar,Very Similar,Very Similar,Very Similar,Very Similar,Very Similar,Very Similar,Very Similar
1554329027_1553127635,2.5,http://www.mediaite.com/news/as-whereisjoe-trends-on-twitter-biden-emerges-to-blast-trump-behind-the-curve-on-coronavirus-response/,http://ijr.com/tulsi-gabbard-ends-2020-bid/,"As #WhereIsJoe Trends on Twitter, Biden Emerges to Blast Trump: ‘Behind the Curve’ on Coronavirus Response","Biden or Sanders? Tulsi Gabbard Ends 2020 Bid, Leaving Dem Primary to Two-Way Race",en,en,Very Similar,Somewhat Similar,Very Similar,Somewhat Dissimilar,Somewhat Similar,Very Similar,Very Similar,Somewhat Dissimilar
1494372836_1575282122,2.5,http://theweek.com/speedreads/889284/stephen-colbert-trevor-noah-pick-apart-remains-trumps-eminent-threat-rationale-striking-iran,http://tennesseestar.com/2020/01/14/amash-says-trumps-claim-of-iran-planning-imminent-attacks-seems-totally-made-up/,Stephen Colbert and Trevor Noah pick apart the remains of Trump's 'eminent' threat rationale for striking Iran,Amash Says Trump's Claim of Iran Planning 'Imminent' Attacks 'Seems Totally Made Up' - Tennessee Star,en,en,Very Similar,Somewhat Similar,Very Similar,Somewhat Similar,Somewhat Similar,Somewhat Similar,Very Similar,Very Similar
1623506869_1623495719,3,http://thegrio.com/2020/06/02/6-atlanta-officers-charged/,http://dailycaller.com/2020/06/02/atlanta-police-officers-charged-protest/,6 Atlanta officers charged after students pulled from car,Six Atlanta Police Officers Charged After Ripping College Students From Car During A Protest,en,en,Very Similar,Very Similar,Very Similar,Very Similar,Very Similar,Very Similar,Very Similar,Very Similar
1508586999_1506065978,3,http://ijr.com/trump-proposes-palestinian-state-capital-east-jerusalem/,http://www.haaretz.com/world-news/wires/1.8462482,Trump Proposes Palestinian State With Capital in East Jerusalem,UPDATE 1-Trump to unveil Middle East peace plan to Israelis in spite of serious Palestinian doubts,en,en,Very Similar,Very Similar,Very Similar,Somewhat Similar,Somewhat Similar,Very Similar,Very Similar,Somewhat Similar
1590169946_1586173768,2.5,http://ijr.org/next-coronavirus-aid-bill-us-congress/,http://slate.com/news-and-politics/2020/04/mitch-mcconnell-coronavirus-states.html?via=rss,Fight Over Next Coronavirus Aid Bill Kicks Into High Gear in U.S. Congress,What Mitch McConnell Really Meant When He Said He’s Going to Screw Over the States,en,en,Very Similar,Somewhat Similar,Very Similar,Somewhat Similar,Somewhat Similar,Very Similar,Very Similar,Very Similar
1505995479_1518884028,2.5,http://www.haaretz.com/world-news/wires/1.8462300,http://www.telegraph.co.uk/technology/2020/01/23/british-officials-recommend-role-chinas-huawei-5g-network/,Security and resilience of UK telecoms network paramount - junior minister,British officials recommend role for China’s Huawei in 5G network,en,en,Very Similar,Somewhat Similar,Very Similar,Somewhat Similar,Somewhat Similar,Very Similar,Very Similar,Very Similar
1518170843_1507713634,2.5,http://www.thedailybeast.com/trump-praises-mike-pompeos-npr-meltdown-during-a-peace-plan-presser,http://amgreatness.com/2020/01/27/trump-asks-why-npr-exists-after-pompeo-reporter-clash/,Trump Praises Pompeo’s NPR Meltdown—During a Peace Plan Presser,"Trump Asks Why NPR Exists After Pompeo, Reporter Clash",en,en,Very Similar,Very Similar,Very Similar,Very Similar,Very Similar,Somewhat Similar,Very Similar,Very Similar
1522872535_1521623719,2.5,http://washingtonpress.com/2020/02/16/more-than-1100-former-doj-employees-demand-that-attorney-general-barr-resign/,http://ijr.com/barr-trumps-tweets-make-it-impossible/,More than 1100 former DOJ employees demand that Attorney General Barr resign,AG Barr Criticizes Trump&#8217;s Tweets About DOJ: They &#8216;Make It Impossible to Do My Job&#8217;,en,en,Very Similar,Somewhat Similar,Very Similar,Somewhat Similar,Somewhat Similar,Somewhat Similar,Very Similar,Very Dissimilar
1495875210_1495960112,2.5,http://www.haaretz.com/world-news/wires/1.8405435,http://hotair.com/archives/ed-morrissey/2020/01/15/hmmm-irs-agents-arrest-avenatti-court-yesterday/,Avenatti arrested for new alleged crimes while on bail,Hmmm: IRS agents arrest Avenatti in court yesterday -- and feds add money-laundering counts today,en,en,Very Similar,Somewhat Similar,Very Similar,Very Similar,Very Similar,Somewhat Similar,Very Similar,Very Similar
1513067256_1514211711,2.5,http://hotair.com/archives/jazz-shaw/2020/02/04/new-hampshire-bernies-looking-pretty-good/,http://slate.com/news-and-politics/2020/02/pete-buttigieg-bernie-sanders-iowa-new-hampshire.html?via=rss,"On to New Hampshire, and Bernie's looking pretty good",Bernie’s Supporters Should Be Thanking Mayor Pete,en,en,Very Similar,Somewhat Similar,Very Similar,Somewhat Similar,Somewhat Similar,Somewhat Similar,Very Similar,Very Dissimilar
1623610682_1622512042,2.5,http://www.queerty.com/kayleigh-mcenanys-excuse-trump-hiding-bunker-simultaneously-hilarious-nauseating-20200602,http://ijr.org/kayleigh-mcenany-call-trump-address-amid-protests/,Kayleigh McEnany’s excuse for Trump hiding in a bunker is simultaneously hilarious and nauseating,Kayleigh McEnany Dismisses Call for Trump Address Amid Nationwide Protests,en,en,Somewhat Similar,Somewhat Similar,Very Similar,Very Similar,Somewhat Similar,Somewhat Similar,Very Similar,Somewhat Similar
1575623480_1489595928,2.5,http://www.wsws.org/en/articles/2020/01/07/bord-j07.html,http://www.thenewamerican.com/usnews/foreign-policy/item/34563-reports-u-s-border-patrol-detaining-iranian-americans-for-hours,Iranian-Americans detained at US-Canada border in wake of Suleimani assassination,Reports: U.S. Border Patrol Detaining Iranian-Americans for Hours,en,en,Very Similar,Very Similar,Very Similar,Very Similar,Very Similar,Very Similar,Very Similar,Very Similar
1598084842_1625886611,2.5,http://thegreggjarrett.com/biden-campaign-gives-dem-operatives-talking-points-from-nyt-in-reade-defense/?utm_source=socialflow,http://m.dailykos.com/stories/2020/5/2/1942146/-Tara-Reade-backs-out-on-planned-interview-with-Chris-Wallace,Biden Campaign Gives Dem Operatives ‘Talking Points’ From NYT in Reade Defense - Gregg Jarrett,Tara Reade backs out on planned interview with Chris Wallace,en,en,Somewhat Similar,Somewhat Similar,Very Similar,Somewhat Dissimilar,Somewhat Dissimilar,Somewhat Similar,Somewhat Similar,Very Dissimilar
1490723742_1489946248,2.5,http://www.dailydot.com/irl/jillian-michaels-body-shaming-lizzo/,http://dailycaller.com/2020/01/08/jillian-michaels-lizzo-music-celebrating-overweight/,Jillian Michaels doubles down on weight-shaming Lizzo,"Jillian Michaels Insists We Should Be Celebrating Lizzo For Her Music, Not For Being Overweight",en,en,Very Similar,Very Similar,Very Similar,Very Similar,Very Similar,Somewhat Similar,Very Similar,Very Similar
1592776044_1592599841,2.5,http://www.telegraph.co.uk/news/2020/04/29/remdesivirclear-cut-results-show-gilead-drug-can-fight-coronavirus/,http://www.rawstory.com/2020/04/anthony-fauci-antiviral-drug-remdesivir-shows-clear-cut-positive-effect-in-treating-coronavirus/,Remdesivir: 'Clear-cut' results show Gilead drug can fight coronavirus,Anthony Fauci: Antiviral drug remdesivir shows ‘clear-cut’ positive effect in treating coronavirus,en,en,Very Similar,Very Similar,Very Similar,Very Similar,Very Similar,Very Similar,Very Similar,Very Similar
1519286249_1514761572,2.5,http://dailycaller.com/2020/02/12/flashback-mike-bloomberg-donald-trump-unity/,http://www.mediaite.com/news/bloomberg-campaign-reportedly-paying-social-media-influencers-sweet-cash-for-support/,Flashback: Bloomberg Called For Americans To &#8216;Get Behind&#8217; Trump In 2017,Bloomberg Campaign Reportedly Paying Social Media Influencers Sweet Cash for Support,en,en,Very Similar,Very Similar,Very Similar,Somewhat Similar,Somewhat Similar,Very Similar,Very Similar,Very Similar
1490793011_1490029910,2.5,http://www.commondreams.org/news/2020/01/09/white-house-works-crush-debate-over-legality-iran-strike-democrats-move-ahead-war?cd-origin=rss,http://dailycaller.com/2020/01/08/mike-lee-walks-out-classified-white-house-briefing-angry/,"As White House Works to Crush Debate Over Legality of Iran Strike, Democrats Move Ahead With War Powers Vote","Sen. Mike Lee Walks Out Of Classified White House Briefing Riled Up, And He Didn&#8217;t Hesitate To Say Why",en,en,Very Similar,Very Similar,Very Similar,Very Similar,Very Similar,Very Similar,Very Similar,Very Similar
1616902836_1617759891,2.5,http://slate.com/news-and-politics/2020/05/black-man-bird-watching-bramble-central-park-leash-dog-call-police-cooper.html?via=rss,http://www.thesun.co.uk/news/11718075/central-park-amy-cooper-christian-death-threats/,A Black Man Bird-Watching in Central Park Asked a White Woman to Leash Her Dog. She Called the Cops.,Central Park banker Amy Cooper gets death threats as black victim Christian Cooper says he ‘can’t say if she’s racist’,en,en,Very Similar,Somewhat Similar,Very Similar,Very Similar,Very Similar,Somewhat Similar,Very Similar,Very Similar
1488814940_1489801941,3,http://www.christianpost.com/news/after-20-years-of-marriage-pastor-fatally-stabs-wife-in-church-then-slits-his-own-throat.html,http://thegrio.com/2020/01/08/kenya-assistant-pastor-kills-his-wife-head-pastor-suicide/,"After 20 years of marriage, pastor fatally stabs wife in church then slits his own throat","Kenyan assistant pastor kills his wife, the head pastor, then himself",en,en,Very Similar,Very Similar,Very Similar,Very Similar,Very Similar,Very Similar,Very Similar,Very Similar
1505969857_1505428828,2.5,http://www.haaretz.com/world-news/wires/1.8462034,http://ijr.com/iraq-security-forces-clash-protesters-baghdad-cities/,UPDATE 1-Violence escalates in Iraq as government pushes to end protests,"Iraq Security Forces Clash With Protesters in Baghdad, Other Cities",en,en,Very Similar,Very Similar,Very Similar,Very Similar,Very Similar,Very Similar,Very Similar,Very Similar
1506038539_1508267340,2.5,http://www.politicususa.com/2020/01/27/schumer-bolton-trump-cover-up.html,http://twitchy.com/brett-3136/2020/01/28/sen-chuck-schumer-insists-hunter-biden-has-nothing-to-do-with-the-facts-of-the-impeachment-trial/,Schumer Pounces As Says Bolton Has Brought The Trump Cover-Up Out In The Open,Sen. Chuck Schumer insists Hunter Biden has nothing to do with the facts of the impeachment trial,en,en,Very Similar,Somewhat Similar,Very Similar,Somewhat Dissimilar,Somewhat Dissimilar,Somewhat Similar,Very Similar,Very Dissimilar
1487322013_1487295202,2.5,http://dailycaller.com/2020/01/05/ricky-gervais-jeffrey-epstein-monologue-golden-globes-video/,http://www.mediaite.com/entertainment/zero-fcks-given-ricky-gervais-rollicking-globes-monologue-completely-blows-up/,"Ricky Gervais Says Jeffrey Epstein Didn&#8217;t Kill Himself During Golden Globes Speech, Tells Award Winners To &#8216;F**k Off&#8217;",&#8216;Zero F*cks Given&#8217;: Ricky Gervais&#8217; Rollicking Globes Monologue Completely Blows Up,en,en,Very Similar,Somewhat Similar,Very Similar,Very Similar,Very Similar,Very Similar,Very Similar,Very Similar
1591761729_1590440491,2.5,http://www.christianpost.com/news/dr-ben-carson-talks-about-national-day-of-prayer-at-coronavirus-press-briefing-235694/,http://truthout.org/articles/future-of-covid-briefings-unclear-as-trump-pushes-for-a-different-focus/,Dr. Ben Carson talks power of prayer at coronavirus press briefing,Future of COVID Briefings Unclear as Trump Pushes for a Different Focus,en,en,Very Similar,Somewhat Similar,Very Similar,Somewhat Dissimilar,Somewhat Dissimilar,Very Similar,Very Similar,Somewhat Dissimilar
1622646437_1621640104,2.5,http://www.opednews.com/articles/Redistribution-by-another-by-Dave-Lindorff-Coast-To-Coast_George-Floyd_Police_Poor-Peoples-Economic-Human-Rights-Campaign-200601-542.html,http://amgreatness.com/2020/05/30/kneelers-and-submitters/,Redistribution by another name: Looting and Burning as  Poor Lose Fear and as Coas Pent-Up Rage at Cops and System Grows,Kneelers and Submitters,en,en,Very Similar,Somewhat Similar,Very Similar,Somewhat Similar,Somewhat Similar,Somewhat Similar,Very Similar,Very Similar
1485196900_1485838740,2.5,http://www.haaretz.com/world-news/wires/1.8350653,http://dailycaller.com/2020/01/03/trump-war-iran-soleimani/,Iran's Zarif says Soleimani killing will boost resistance in region,"Trump: We Took Action To Stop A War, Not Start One",en,en,Very Similar,Somewhat Similar,Very Similar,Somewhat Similar,Somewhat Similar,Very Similar,Very Similar,Very Dissimilar
1485637053_1488721250,2.5,http://www.haaretz.com/world-news/wires/1.8351557,http://freebeacon.com/national-security/putin-makes-rare-visit-to-syria-meets-assad/,France calls on Iran to refrain from provocation after U.S. air strike,"Putin Makes Rare Visit to Syria, Meets Assad",en,en,Very Similar,Somewhat Similar,Very Similar,Somewhat Similar,Somewhat Similar,Very Similar,Very Similar,Somewhat Dissimilar
1520689494_1524180717,2.5,http://www.haaretz.com/world-news/wires/1.8532065,http://ijr.com/bloomberg-qualifies-next-debate/,"UPDATE 2-On the trail: Bloomberg targeted by Democratic rivals, Biden raises money for crucial states","Bloomberg Qualifies for Next Debate, and Rivals Are Getting Ready",en,en,Very Similar,Somewhat Similar,Very Similar,Somewhat Similar,Somewhat Similar,Very Similar,Very Similar,Somewhat Similar
1623586715_1623956910,2.5,http://www.thesun.co.uk/news/11768666/minnesota-files-human-rights-complaint-against-minneapolis-police/,http://www.advocate.com/crime/2020/6/02/minneapolis-police-being-investigated-years-racist-malpractice,Minneapolis Police investigated after being charged with human rights abuse over George Floyd’s death,Minneapolis Police Being Investigated for Years of Racist Malpractice,en,en,Very Similar,Somewhat Similar,Very Similar,Very Similar,Very Similar,Somewhat Similar,Very Similar,Very Similar
1500903956_1499303219,2.5,http://www.gopusa.com/hillary-clinton-says-nobody-likes-bernie-sanders/,http://www.mediaite.com/election-2020/bernie-sanders-when-asked-if-gender-remains-an-obstacle-for-women-politicians-the-answer-is-yes/,Hillary Clinton says &#8216;nobody likes&#8217; Bernie Sanders,"Bernie Sanders, When Asked If Gender Remains an Obstacle for Women Politicians: &#8216;The Answer is Yes&#8217;",en,en,Very Similar,Somewhat Similar,Very Similar,Somewhat Dissimilar,Somewhat Dissimilar,Somewhat Similar,Very Similar,Other
1629202678_1628523293,2.5,http://ijr.org/bidens-distances-push-defund-police-departments/,http://jezebel.com/minneapolis-city-council-pledges-to-dismantle-police-fo-1843946360,Biden’s Campaign Distances Itself From Push to Defund Police Departments,Minneapolis City Council Pledges to Dismantle Police Force,en,en,Very Similar,Somewhat Similar,Very Similar,Somewhat Similar,Somewhat Similar,Very Similar,Very Similar,Somewhat Dissimilar
1606727052_1605890963,2.5,http://dallasvoice.com/melissa-etheridges-son-dies-of-causes-stemming-from-opioid-addiction/,http://dailycaller.com/2020/05/13/melissa-etheridge-death-21-year-old-son-beckett/,Melissa Etheridge’s son dies of causes stemming from opioid addiction,Melissa Etheridge Shares Heartbreaking News Of 21-Year-Old Son’s Death,en,en,Other,Other,Other,Other,Other,Other,Other,Other
1510909762_1510166351,2.5,http://ijr.com/end-draws-near-trump-impeachment-trial/,http://www.haaretz.com/world-news/wires/1.8472430,End Draws Near in Trump Impeachment Trial as Democrats Likely to Fall Short in Vote,UPDATE 3-Democrats push for witnesses in Trump trial; Republicans hope for quick end,en,en,Very Similar,Very Similar,Very Similar,Very Similar,Very Similar,Very Similar,Very Similar,Very Similar
1527123005_1525949818,2.5,http://www.thenewamerican.com/usnews/politics/item/34934-debate-hate-bernie-and-bloomie-under-attack-as-america-loses,http://slate.com/news-and-politics/2020/02/michael-bloomberg-democratic-debates-attacks.html?via=rss,Debate Hate: Bernie and Bloomie Under Attack as America Loses,Democratic Candidates Tear Into Mike Bloomberg to Start the Debate,en,en,Very Similar,Somewhat Similar,Very Similar,Somewhat Similar,Somewhat Similar,Somewhat Similar,Very Similar,Very Similar
1493963375_1493974922,2.5,http://www.haaretz.com/israel-news/elections/.premium-the-israeli-left-s-labor-meretz-linkup-an-alliance-forged-by-fear-not-love-1.8398656,http://www.dailytelegraph.com.au/news/breaking-news/israels-leftwing-parties-merge/news-story/8015893b6f674aa5040b03d0e590d091,"The Israeli left's Labor-Meretz linkup: An alliance forged by fear, not love",Israel&#8217;s left-wing parties merge,en,en,Other,Other,Other,Other,Other,Other,Other,Other